customer_id,last_purchase,frequency,monetary,total_profit,recency_days,signup_date,region,acquisition_channel,tenure_days,annual_purchase_frequency,avg_order_value,estimated_annual_value,estimated_clv,R_score,F_score,M_score,rfm_score,customer_segment
CUST00001,2024-10-09,3,862.47,438.36,448,2024-02-07,West,Social,693,1.58008658008658,287.49,454.2590909090909,649.59,5,4,5,545,Champions
CUST00002,2025-10-25,4,3362.58,1627.52,67,2024-11-21,West,Email,405,3.6049382716049383,840.645,3030.4733333333334,4333.58,3,4,2,342,Needs Attention
CUST00003,2025-09-09,2,2141.64,1066.84,113,2024-10-01,East,Email,456,1.6008771929824561,1070.82,1714.2513157894737,2451.38,4,5,3,453,Loyal Customers
CUST00004,2024-05-22,1,214.43,91.41,588,2024-07-03,West,Social,546,0.6684981684981685,214.43,143.34606227106227,204.98,5,5,5,555,Champions
CUST00005,2025-12-23,7,1877.1399999999999,874.45,8,2024-06-30,South,Organic Search,549,4.653916211293261,268.16285714285715,1248.0074681238616,1784.65,1,3,3,133,At Risk
CUST00006,2024-06-18,1,795.6,351.4,561,2024-12-26,West,Direct,370,0.9864864864864864,795.6,784.8486486486486,1122.33,5,5,5,555,Champions
CUST00007,2025-10-20,20,5927.67,2420.55,72,2024-02-06,North,Direct,694,10.518731988472622,296.3835,3117.5786023054757,4458.14,3,1,1,311,Needs Attention
CUST00008,2025-12-29,2,433.84,154.61,2,2024-10-19,West,Direct,438,1.6666666666666667,216.92,361.5333333333333,516.99,1,5,5,155,At Risk
CUST00009,2024-11-20,2,433.36,172.16,406,2024-03-25,Central,Email,646,1.130030959752322,216.68,244.8551083591331,350.14,5,5,5,555,Champions
CUST00010,2025-10-18,10,4998.44,2251.46,74,2024-02-09,North,Organic Search,691,5.282199710564399,499.84399999999994,2640.275832127351,3775.59,3,2,1,321,Needs Attention
CUST00011,2025-11-09,11,3631.98,1639.66,52,2024-08-09,East,Direct,509,7.888015717092339,330.18,2604.4650294695484,3724.38,3,2,2,322,Needs Attention
CUST00012,2025-12-12,9,3092.9300000000003,1119.51,19,2025-02-13,North,Paid Search,321,10.233644859813083,343.6588888888889,3516.8830218068533,5029.14,1,2,2,122,Lost Customers
CUST00013,2025-09-28,10,3486.75,1695.35,94,2024-11-05,West,Organic Search,421,8.669833729216151,348.675,3022.9542755344414,4322.82,3,2,2,322,Needs Attention
CUST00014,2025-11-03,1,32.76,10.5,58,2024-11-15,North,Paid Search,411,0.8880778588807786,32.76,29.093430656934306,41.6,3,5,5,355,Needs Attention
CUST00015,2025-01-28,5,1583.9499999999998,796.5699999999999,337,2024-10-28,Central,Direct,429,4.2540792540792545,316.78999999999996,1347.649766899767,1927.14,5,4,4,544,Champions
CUST00017,2024-07-22,3,1094.85,348.04,527,2024-08-03,Central,Direct,515,2.1262135922330097,364.95,775.9616504854368,1109.63,5,4,4,544,Champions
CUST00018,2025-05-06,2,784.95,343.52,239,2024-02-23,West,Direct,677,1.0782865583456425,392.475,423.2005169867061,605.18,5,5,5,555,Champions
CUST00019,2025-09-30,7,2575.51,1063.1299999999999,92,2024-12-18,East,Paid Search,378,6.7592592592592595,367.93,2486.9342592592593,3556.32,3,3,3,333,Needs Attention
CUST00020,2025-06-13,8,2856.3999999999996,1327.6799999999998,201,2024-07-08,West,Direct,541,5.397412199630314,357.04999999999995,1927.1460258780035,2755.82,4,3,3,433,Loyal Customers
CUST00021,2025-03-26,4,1474.14,720.3100000000001,280,2024-07-29,West,Email,520,2.807692307692308,368.535,1034.7328846153848,1479.67,5,4,4,544,Champions
CUST00022,2025-12-25,11,5283.87,2484.67,6,2024-06-04,Central,Referral,575,6.982608695652173,480.35181818181815,3354.108782608695,4796.38,1,2,1,121,Lost Customers
CUST00023,2025-07-16,4,1352.94,484.88000000000005,168,2024-03-17,South,Organic Search,654,2.232415902140673,338.235,755.0811926605505,1079.77,4,4,4,444,Champions
CUST00025,2025-09-07,13,3371.85,1259.25,115,2024-11-24,North,Paid Search,402,11.803482587064677,259.3730769230769,3061.505597014925,4377.95,4,1,2,412,Potential Loyalists
CUST00026,2025-12-26,11,3293.92,1664.0,5,2024-09-27,East,Organic Search,460,8.728260869565219,299.4472727272727,2613.6539130434785,3737.53,1,2,2,122,Lost Customers
CUST00027,2025-10-01,7,2695.24,1162.64,91,2024-06-18,North,Email,561,4.554367201426025,385.03428571428566,1753.5875222816398,2507.63,3,3,3,333,Needs Attention
CUST00028,2025-11-23,11,3797.1,1664.19,38,2024-12-11,East,Organic Search,385,10.428571428571429,345.1909090909091,3599.848051948052,5147.78,2,2,2,222,Lost Customers
CUST00029,2025-11-19,13,3438.38,1311.57,42,2024-08-17,East,Organic Search,501,9.471057884231536,264.4907692307692,2505.0073852295404,3582.16,2,1,2,212,Lost Customers
CUST00030,2025-12-10,2,511.55999999999995,170.5,21,2024-07-05,East,Referral,544,1.3419117647058822,255.77999999999997,343.2341911764705,490.82,2,5,5,255,At Risk
CUST00031,2025-11-24,17,4795.24,1911.34,37,2024-07-08,East,Email,541,11.469500924214417,282.0729411764706,3235.235859519408,4626.39,2,1,1,211,Lost Customers
CUST00032,2025-11-25,2,1305.76,664.5699999999999,36,2024-04-05,West,Direct,635,1.1496062992125984,652.88,750.5549606299212,1073.29,2,5,4,254,At Risk
CUST00033,2025-09-19,15,4891.93,2034.8799999999999,103,2024-02-08,West,Paid Search,692,7.911849710982659,326.1286666666667,2580.2809971098263,3689.8,4,1,1,411,Potential Loyalists
CUST00034,2024-05-28,1,167.13,82.33,582,2024-08-20,East,Referral,498,0.7329317269076305,167.13,122.49487951807228,175.17,5,5,5,555,Champions
CUST00035,2025-09-26,9,4685.99,1984.24,96,2025-01-07,East,Email,358,9.175977653631286,520.6655555555556,4777.615502793296,6831.99,3,2,1,321,Needs Attention
CUST00036,2025-10-13,10,3202.71,1354.89,79,2024-01-27,Central,Referral,704,5.184659090909091,320.271,1660.4959517045454,2374.51,3,2,2,322,Needs Attention
CUST00037,2025-10-22,18,6099.3,2467.0,70,2024-12-26,North,Social,370,17.756756756756754,338.85,6016.877027027027,8604.13,3,1,1,311,Needs Attention
CUST00038,2025-12-27,6,1837.87,711.01,4,2024-12-13,North,Social,383,5.718015665796345,306.31166666666667,1751.494908616188,2504.64,1,3,4,134,At Risk
CUST00039,2025-11-21,7,1730.81,689.44,40,2024-04-26,North,Direct,614,4.1612377850162865,247.25857142857143,1028.9017100977198,1471.33,2,3,4,234,At Risk
CUST00040,2025-04-28,2,494.4,151.8,247,2024-09-22,West,Paid Search,465,1.5698924731182795,247.2,388.0774193548387,554.95,5,5,5,555,Champions
CUST00041,2025-11-26,6,2461.11,975.86,35,2024-03-10,South,Organic Search,661,3.313161875945537,410.185,1359.00930408472,1943.38,2,3,3,233,At Risk
CUST00042,2025-08-31,7,3049.9,1534.71,122,2024-11-14,West,Referral,412,6.201456310679611,435.7,2701.9745145631064,3863.82,4,3,2,432,Loyal Customers
CUST00043,2025-11-10,4,1079.33,443.23,51,2024-10-21,West,Direct,436,3.3486238532110093,269.8325,903.5675458715596,1292.1,3,4,4,344,Needs Attention
CUST00044,2025-12-18,7,1911.33,800.5699999999999,13,2024-05-28,South,Organic Search,582,4.390034364261169,273.04714285714283,1198.6863402061856,1714.12,1,3,3,133,At Risk
CUST00045,2025-11-24,6,1456.52,541.61,37,2024-01-29,Central,Email,702,3.1196581196581197,242.75333333333333,757.3074074074074,1082.95,2,3,4,234,At Risk
CUST00046,2025-10-29,6,3047.93,1359.23,63,2025-02-11,West,Direct,323,6.780185758513932,507.9883333333333,3444.2552631578947,4925.29,3,3,2,332,Needs Attention
CUST00047,2025-08-13,12,3862.06,1747.5,140,2024-07-06,South,Direct,543,8.066298342541437,321.8383333333333,2596.044014732965,3712.34,4,2,2,422,Potential Loyalists
CUST00048,2025-12-06,11,3130.81,1280.78,25,2025-01-10,South,Direct,355,11.309859154929578,284.6190909090909,3219.0018309859156,4603.17,2,2,2,222,Lost Customers
CUST00049,2025-11-30,22,6275.2699999999995,2602.82,31,2024-10-11,South,Social,446,18.004484304932735,285.2395454545454,5135.59091928251,7343.9,2,1,1,211,Lost Customers
CUST00050,2025-06-02,2,1076.46,568.46,212,2024-11-22,North,Referral,404,1.8069306930693072,538.23,972.5443069306932,1390.74,5,5,4,554,Champions
CUST00051,2025-12-29,6,1007.5600000000001,431.76,2,2024-11-15,North,Paid Search,411,5.328467153284672,167.92666666666668,894.7917274939174,1279.55,1,3,4,134,At Risk
CUST00052,2025-08-06,7,2550.99,986.06,147,2024-03-22,Central,Direct,649,3.9368258859784286,364.4271428571428,1434.6862095531587,2051.6,4,3,3,433,Loyal Customers
CUST00053,2025-12-08,13,2654.85,1057.25,23,2024-06-01,South,Email,578,8.209342560553633,204.21923076923076,1676.50562283737,2397.4,2,1,3,213,Lost Customers
CUST00054,2024-12-06,5,1293.79,345.37,390,2024-07-15,South,Direct,534,3.417602996254682,258.758,884.3321161048689,1264.59,5,4,4,544,Champions
CUST00056,2025-09-25,11,3548.13,1449.26,97,2024-01-19,East,Social,712,5.639044943820225,322.55727272727273,1818.9149578651686,2601.05,3,2,2,322,Needs Attention
CUST00057,2025-12-02,15,5766.01,2395.94,29,2024-08-17,Central,Referral,501,10.92814371257485,384.40066666666667,4200.785728542914,6007.12,2,1,1,211,Lost Customers
CUST00058,2025-11-05,10,2721.5,1103.26,56,2024-03-05,West,Social,666,5.48048048048048,272.15,1491.5127627627626,2132.86,3,2,3,323,Needs Attention
CUST00059,2025-06-14,3,741.6,355.9,200,2024-11-08,East,Direct,418,2.619617224880383,247.20000000000002,647.5693779904308,926.02,4,4,5,445,Champions
CUST00061,2025-10-03,3,1370.92,389.43,89,2025-01-22,Central,Referral,343,3.192419825072886,456.97333333333336,1458.8507288629737,2086.16,3,4,4,344,Needs Attention
CUST00063,2025-12-02,9,2286.65,938.88,29,2024-06-02,Central,Email,577,5.693240901213171,254.07222222222222,1446.4943674176775,2068.49,2,2,3,223,Lost Customers
CUST00064,2025-12-25,4,1110.14,460.97999999999996,6,2025-02-10,North,Email,324,4.506172839506172,277.535,1250.6206790123456,1788.39,1,4,4,144,At Risk
CUST00065,2025-07-20,4,1431.28,584.34,164,2024-06-21,Central,Organic Search,558,2.6164874551971327,357.82,936.231541218638,1338.81,4,4,4,444,Champions
CUST00066,2025-10-26,3,932.59,396.88,66,2024-05-16,West,Organic Search,594,1.8434343434343434,310.86333333333334,573.0561447811448,819.47,3,4,5,345,Needs Attention
CUST00067,2025-11-20,6,1586.2,721.23,41,2025-01-15,North,Referral,350,6.257142857142857,264.3666666666667,1654.18,2365.48,2,3,4,234,At Risk
CUST00068,2025-09-24,3,1055.04,460.44,98,2024-06-04,East,Referral,575,1.9043478260869564,351.68,669.7210434782609,957.7,3,4,4,344,Needs Attention
CUST00069,2025-11-23,7,2857.37,1107.93,38,2024-02-02,West,Referral,698,3.660458452722063,408.19571428571425,1494.1834527220628,2136.68,2,3,3,233,At Risk
CUST00070,2025-10-06,8,2848.52,973.59,86,2024-07-16,North,Organic Search,533,5.478424015009381,356.065,1950.6750469043152,2789.47,3,3,3,333,Needs Attention
CUST00071,2025-07-08,6,2553.92,1173.31,176,2024-11-30,East,Paid Search,396,5.53030303030303,425.65333333333336,2353.9919191919194,3366.21,4,3,3,433,Loyal Customers
CUST00072,2025-08-28,2,103.5,25.840000000000003,125,2024-03-20,Central,Organic Search,651,1.121351766513057,51.75,58.0299539170507,82.98,4,5,5,455,Champions
CUST00073,2025-12-23,2,389.03999999999996,203.26,8,2024-07-13,South,Direct,536,1.3619402985074627,194.51999999999998,264.9246268656716,378.84,1,5,5,155,At Risk
CUST00074,2025-10-19,11,4496.83,1546.27,73,2024-02-24,East,Direct,676,5.939349112426036,408.8027272727273,2428.0221153846155,3472.07,3,2,2,322,Needs Attention
CUST00075,2025-08-19,10,4421.02,1987.71,134,2024-10-15,East,Paid Search,442,8.2579185520362,442.10200000000003,3650.842307692308,5220.7,4,2,2,422,Potential Loyalists
CUST00077,2025-12-13,5,3169.0,1483.77,18,2024-05-18,Central,Organic Search,592,3.08277027027027,633.8,1953.859797297297,2794.02,1,4,2,142,At Risk
CUST00078,2025-02-18,2,1211.12,644.36,316,2024-04-05,West,Paid Search,635,1.1496062992125984,605.56,696.155590551181,995.5,5,5,4,554,Champions
CUST00080,2025-12-08,6,1703.01,576.45,23,2024-10-08,Central,Paid Search,449,4.877505567928731,283.835,1384.4067928730512,1979.7,2,3,4,234,At Risk
CUST00081,2025-08-27,5,1376.0500000000002,472.11,126,2025-01-29,Central,Referral,336,5.4315476190476195,275.21000000000004,1494.8162202380956,2137.59,4,4,4,444,Champions
CUST00082,2025-11-16,9,2478.49,1084.3,45,2024-07-02,South,Direct,547,6.005484460694698,275.3877777777777,1653.8370201096889,2364.99,2,2,3,223,Lost Customers
CUST00084,2025-12-19,7,1707.05,671.08,12,2024-12-15,North,Social,381,6.7060367454068235,243.8642857142857,1635.3628608923882,2338.57,1,3,4,134,At Risk
CUST00085,2024-04-10,1,101.27,57.04,630,2024-09-21,Central,Referral,466,0.7832618025751072,101.27,79.32092274678111,113.43,5,5,5,555,Champions
CUST00086,2025-12-22,6,2665.85,1026.9,9,2024-10-21,West,Direct,436,5.022935779816514,444.30833333333334,2231.7322247706425,3191.38,1,3,3,133,At Risk
CUST00087,2025-12-04,2,334.76,103.32000000000001,27,2024-02-10,West,Social,690,1.0579710144927537,167.38,177.0831884057971,253.23,2,5,5,255,At Risk
CUST00088,2024-06-12,1,83.01,31.19,567,2024-05-11,North,Paid Search,599,0.6093489148580968,83.01,50.58205342237062,72.33,5,5,5,555,Champions
CUST00089,2025-08-01,6,2520.28,1123.83,152,2024-11-18,Central,Social,408,5.367647058823529,420.0466666666667,2254.6622549019608,3224.17,4,3,3,433,Loyal Customers
CUST00090,2025-04-27,4,1077.08,429.29,248,2024-12-15,North,Paid Search,381,3.832020997375328,269.27,1031.8482939632545,1475.54,5,4,4,544,Champions
CUST00091,2025-12-09,4,1403.6299999999999,490.3,22,2024-07-01,South,Direct,548,2.6642335766423355,350.90749999999997,934.8995437956203,1336.91,2,4,4,244,At Risk
CUST00092,2025-12-24,8,2841.19,1132.75,7,2024-12-04,North,Email,392,7.448979591836735,355.14875,2645.4957908163265,3783.06,1,3,3,133,At Risk
CUST00094,2025-11-19,7,2406.02,1017.3,42,2024-06-11,North,Organic Search,568,4.498239436619718,343.71714285714285,1546.1220070422535,2210.95,2,3,3,233,At Risk
CUST00095,2025-10-23,15,7050.38,3038.3599999999997,69,2025-01-12,Central,Email,353,15.509915014164305,470.0253333333333,7290.052974504249,10424.78,3,1,1,311,Needs Attention
CUST00096,2025-07-03,5,2835.86,1192.72,181,2024-05-01,West,Direct,609,2.9967159277504107,567.172,1699.6533661740561,2430.5,4,4,3,443,Loyal Customers
CUST00097,2025-12-27,6,1502.63,754.47,4,2024-04-10,North,Social,630,3.4761904761904763,250.43833333333336,870.5713492063493,1244.92,1,3,4,134,At Risk
CUST00098,2025-09-17,5,1709.1599999999999,717.39,105,2024-10-13,North,Email,444,4.11036036036036,341.832,1405.0527027027026,2009.23,4,4,4,444,Champions
CUST00099,2025-12-12,4,1215.67,467.03000000000003,19,2024-09-24,North,Direct,463,3.1533477321814254,303.9175,958.3575593952484,1370.45,1,4,4,144,At Risk
CUST00100,2025-11-13,7,2342.2,851.94,48,2024-02-28,East,Direct,672,3.8020833333333335,334.59999999999997,1272.1770833333333,1819.21,3,3,3,333,Needs Attention
CUST00101,2025-02-13,1,327.67,170.71,321,2024-12-15,West,Paid Search,381,0.958005249343832,327.67,313.9095800524935,448.89,5,5,5,555,Champions
CUST00102,2025-10-16,5,1478.3,653.28,76,2024-03-24,South,Social,647,2.8207109737248843,295.65999999999997,833.9714064914992,1192.58,3,4,4,344,Needs Attention
CUST00103,2025-05-23,10,4051.99,1561.5700000000002,222,2024-12-04,Central,Social,392,9.311224489795919,405.19899999999996,3772.898852040816,5395.25,5,2,2,522,Potential Loyalists
CUST00104,2024-10-22,2,1169.2800000000002,573.2,435,2024-01-04,North,Referral,727,1.0041265474552958,584.6400000000001,587.0525447042643,839.49,5,5,4,554,Champions
CUST00106,2025-12-23,21,9466.74,4529.62,8,2024-11-26,Central,Paid Search,400,19.1625,450.79714285714283,8638.40025,12352.91,1,1,1,111,Lost Customers
CUST00107,2025-10-25,10,2501.34,1106.09,67,2024-11-23,West,Direct,403,9.057071960297767,250.13400000000001,2265.481637717122,3239.64,3,2,3,323,Needs Attention
CUST00108,2025-12-03,6,1201.33,488.32000000000005,28,2024-10-06,West,Direct,451,4.855875831485588,200.22166666666666,972.2515521064303,1390.32,2,3,4,234,At Risk
CUST00109,2024-07-31,2,1112.99,622.15,518,2024-07-17,Central,Direct,532,1.3721804511278195,556.495,763.6115601503759,1091.96,5,5,4,554,Champions
CUST00110,2024-12-18,8,3300.48,1506.75,378,2024-10-23,North,Direct,434,6.728110599078341,412.56,2775.7493087557605,3969.32,5,3,2,532,Loyal Customers
CUST00111,2025-07-05,3,1166.59,589.49,179,2024-04-26,North,Direct,614,1.7833876221498373,388.8633333333333,693.4940553745928,991.7,4,4,4,444,Champions
CUST00112,2025-12-23,9,3495.05,1298.25,8,2024-11-23,North,Direct,403,8.15136476426799,388.3388888888889,3165.491935483871,4526.65,1,2,2,122,Lost Customers
CUST00113,2025-05-23,10,2699.3,925.36,222,2024-08-21,East,Direct,497,7.344064386317907,269.93,1982.3832997987927,2834.81,5,2,3,523,Potential Loyalists
CUST00114,2025-04-28,7,3174.54,1376.6499999999999,247,2024-07-11,West,Social,538,4.749070631970261,453.5057142857143,2153.7306691449817,3079.83,5,3,2,532,Loyal Customers
CUST00115,2025-11-03,10,3010.24,1046.41,58,2024-07-31,West,Email,518,7.046332046332046,301.024,2121.115057915058,3033.19,3,2,2,322,Needs Attention
CUST00116,2025-04-22,3,722.6,280.46,253,2024-08-26,Central,Paid Search,492,2.225609756097561,240.86666666666667,536.0752032520326,766.59,5,4,5,545,Champions
CUST00117,2025-11-20,3,1104.43,410.49,41,2024-01-16,North,Referral,715,1.5314685314685315,368.1433333333334,563.7999300699302,806.23,2,4,4,244,At Risk
CUST00118,2025-12-27,8,1800.29,779.58,4,2024-02-28,West,Paid Search,672,4.345238095238095,225.03625,977.8360863095237,1398.31,1,3,4,134,At Risk
CUST00119,2025-07-27,5,2595.37,955.25,157,2024-04-13,North,Paid Search,627,2.9106858054226477,519.074,1510.8613237639552,2160.53,4,4,3,443,Loyal Customers
CUST00120,2025-11-18,16,4755.19,1851.24,43,2024-02-18,South,Social,682,8.563049853372434,297.199375,2544.9330645161285,3639.25,2,1,1,211,Lost Customers
CUST00121,2025-12-22,9,1939.22,708.16,9,2024-07-03,West,Email,546,6.016483516483516,215.4688888888889,1296.3650183150185,1853.8,1,2,3,123,Lost Customers
CUST00122,2025-11-30,7,3666.1,1700.3600000000001,31,2024-10-07,Central,Paid Search,450,5.677777777777777,523.7285714285714,2973.614444444444,4252.27,2,3,2,232,At Risk
CUST00123,2025-11-04,3,571.6800000000001,228.75,57,2024-10-01,East,Direct,456,2.401315789473684,190.56000000000003,457.5947368421053,654.36,3,4,5,345,Needs Attention
CUST00124,2025-03-19,7,1762.79,754.0799999999999,287,2024-07-16,North,Direct,533,4.793621013133208,251.82714285714286,1207.1638836772984,1726.24,5,3,4,534,Loyal Customers
CUST00125,2025-06-20,4,1560.72,761.72,194,2024-12-25,East,Organic Search,371,3.9353099730458223,390.18,1535.479245283019,2195.74,4,4,4,444,Champions
CUST00126,2025-10-07,10,3236.2599999999998,1382.15,85,2024-08-25,North,Organic Search,493,7.403651115618662,323.626,2396.013995943205,3426.3,3,2,2,322,Needs Attention
CUST00127,2025-12-13,2,258.16999999999996,116.2,18,2024-02-03,Central,Paid Search,697,1.0473457675753228,129.08499999999998,135.19662840746054,193.33,1,5,5,155,At Risk
CUST00128,2025-12-27,5,2343.84,995.88,4,2024-11-17,West,Direct,409,4.462102689486553,468.76800000000003,2091.690953545233,2991.12,1,4,3,143,At Risk
CUST00129,2025-11-29,8,2520.46,1011.09,32,2024-08-29,North,Direct,489,5.971370143149285,315.0575,1881.3249488752558,2690.29,2,3,3,233,At Risk
CUST00130,2025-12-21,6,3235.1400000000003,1238.96,10,2024-09-23,North,Organic Search,464,4.719827586206896,539.19,2544.8838362068964,3639.18,1,3,2,132,At Risk
CUST00131,2025-10-24,14,5618.15,2625.68,68,2024-08-25,North,Direct,493,10.365111561866126,401.2964285714285,4159.482251521297,5948.06,3,1,1,311,Needs Attention
CUST00132,2025-11-05,20,7490.88,3000.93,56,2024-08-20,Central,Organic Search,498,14.658634538152612,374.544,5490.303614457832,7851.13,3,1,1,311,Needs Attention
CUST00133,2025-07-28,8,3085.9500000000003,1216.95,156,2024-02-08,East,Email,692,4.219653179190751,385.74375000000003,1627.7048410404625,2327.62,4,3,2,432,Loyal Customers
CUST00134,2025-12-25,9,3077.75,1275.55,6,2024-08-22,West,Direct,496,6.622983870967742,341.97222222222223,2264.876512096774,3238.77,1,2,2,122,Lost Customers
CUST00135,2025-03-17,1,650.65,267.43,289,2024-11-29,West,Organic Search,397,0.9193954659949621,650.65,598.204659949622,855.43,5,5,5,555,Champions
CUST00136,2025-11-14,3,1525.75,619.52,47,2024-05-07,East,Organic Search,603,1.8159203980099503,508.5833333333333,923.5468490878939,1320.67,3,4,4,344,Needs Attention
CUST00137,2025-11-27,10,2792.63,1338.6100000000001,34,2024-09-10,North,Email,477,7.651991614255765,279.26300000000003,2136.918134171908,3055.79,2,2,3,223,Lost Customers
CUST00138,2024-03-24,1,274.73,124.59,647,2024-01-13,Central,Social,718,0.5083565459610028,274.73,139.6607938718663,199.71,5,5,5,555,Champions
CUST00139,2025-10-30,1,314.78,173.42,62,2024-05-25,South,Direct,585,0.6239316239316239,314.78,196.40119658119656,280.85,3,5,5,355,Needs Attention
CUST00140,2025-12-12,7,2705.31,1019.87,19,2024-07-02,East,Direct,547,4.670932358318099,386.47285714285715,1805.1885740402197,2581.42,1,3,3,133,At Risk
CUST00141,2025-08-27,2,387.34000000000003,189.05,126,2025-02-16,West,Organic Search,318,2.2955974842767297,193.67000000000002,444.58836477987427,635.76,4,5,5,455,Champions
CUST00142,2025-10-27,4,1282.15,464.58,65,2024-03-31,West,Organic Search,640,2.28125,320.5375,731.2261718750001,1045.65,3,4,4,344,Needs Attention
CUST00143,2025-12-14,2,307.42,118.22,17,2024-04-26,Central,Direct,614,1.1889250814332248,153.71,182.749674267101,261.33,1,5,5,155,At Risk
CUST00144,2025-12-21,11,4146.62,1724.94,10,2024-06-20,North,Paid Search,559,7.182468694096601,376.9654545454545,2707.542576028622,3871.79,1,2,2,122,Lost Customers
CUST00145,2025-04-29,5,1307.3400000000001,590.98,246,2025-02-20,East,Direct,314,5.812101910828026,261.468,1519.6786624203824,2173.14,5,4,4,544,Champions
CUST00146,2025-12-27,14,5096.38,2022.35,4,2024-12-24,South,Referral,372,13.736559139784946,364.02714285714285,5000.480376344086,7150.69,1,1,1,111,Lost Customers
CUST00147,2025-12-03,7,3528.77,1517.91,28,2024-01-15,East,Organic Search,716,3.5684357541899443,504.11,1798.884148044693,2572.4,2,3,2,232,At Risk
CUST00148,2025-12-02,4,1501.6599999999999,615.15,29,2024-04-08,North,Direct,632,2.310126582278481,375.41499999999996,867.2561708860758,1240.18,2,4,4,244,At Risk
CUST00149,2024-05-03,1,152.63,77.56,607,2024-12-11,North,Organic Search,385,0.948051948051948,152.63,144.70116883116881,206.92,5,5,5,555,Champions
CUST00150,2025-08-31,7,2128.0099999999998,898.62,122,2024-01-25,South,Email,706,3.6189801699716715,304.00142857142856,1100.1751416430595,1573.25,4,3,3,433,Loyal Customers
CUST00151,2025-03-12,3,1116.6,455.59999999999997,294,2024-12-25,South,Social,371,2.951482479784367,372.2,1098.5417789757414,1570.91,5,4,4,544,Champions
CUST00153,2025-07-08,12,4351.88,1918.3200000000002,176,2025-01-20,East,Referral,345,12.695652173913043,362.6566666666667,4604.162898550725,6583.95,4,2,2,422,Potential Loyalists
CUST00155,2025-06-28,11,4058.42,1542.71,186,2024-07-01,South,Direct,548,7.326642335766423,368.9472727272727,2703.144708029197,3865.5,4,2,2,422,Potential Loyalists
CUST00156,2025-11-29,5,2164.38,976.42,32,2024-10-05,South,Direct,452,4.037610619469026,432.87600000000003,1747.7847345132743,2499.33,2,4,3,243,At Risk
CUST00157,2025-11-21,6,2436.98,1083.49,40,2024-02-23,North,Social,677,3.2348596750369274,406.16333333333336,1313.881388478582,1878.85,2,3,3,233,At Risk
CUST00158,2025-12-22,10,2586.12,1139.54,9,2024-08-21,East,Organic Search,497,7.344064386317907,258.61199999999997,1899.2631790744463,2715.95,1,2,3,123,Lost Customers
CUST00159,2025-12-30,6,2081.66,1007.3,1,2024-07-31,South,Referral,518,4.227799227799228,346.9433333333333,1466.8067567567566,2097.53,1,3,3,133,At Risk
CUST00160,2025-10-16,7,1305.53,524.75,76,2024-11-25,North,Direct,401,6.371571072319202,186.50428571428571,1188.3253117206982,1699.31,3,3,4,334,Needs Attention
CUST00161,2025-11-17,19,5591.99,1978.98,44,2025-02-22,South,Paid Search,312,22.227564102564102,294.3152631578947,6541.911378205128,9354.93,2,1,1,211,Lost Customers
CUST00162,2025-02-26,10,2906.2,1275.07,308,2024-10-06,East,Email,451,8.093126385809313,290.62,2352.0243902439024,3363.39,5,2,3,523,Potential Loyalists
CUST00163,2025-03-13,2,468.24,175.35000000000002,293,2024-06-20,South,Email,559,1.3059033989266546,234.12,305.73810375670837,437.21,5,5,5,555,Champions
CUST00164,2025-09-28,7,1835.15,810.94,94,2024-06-19,East,Organic Search,560,4.5625,262.1642857142857,1196.1245535714286,1710.46,3,3,4,334,Needs Attention
CUST00165,2025-11-14,20,8095.8,3630.5699999999997,47,2024-06-24,East,Referral,555,13.153153153153152,404.79,5324.264864864865,7613.7,3,1,1,311,Needs Attention
CUST00166,2025-06-16,6,2541.0499999999997,1249.3600000000001,198,2024-12-07,West,Email,389,5.629820051413882,423.50833333333327,2384.2757069408735,3409.51,4,3,3,433,Loyal Customers
CUST00167,2025-11-28,7,4286.79,2018.43,33,2024-05-14,West,Direct,596,4.2869127516778525,612.3985714285715,2625.299244966443,3754.18,2,3,2,232,At Risk
CUST00168,2025-12-28,10,5198.65,2155.11,3,2024-03-11,West,Direct,660,5.53030303030303,519.865,2875.010984848485,4111.27,1,2,1,121,Lost Customers
CUST00169,2025-12-09,10,4889.05,1875.08,22,2024-05-20,South,Direct,590,6.186440677966101,488.90500000000003,3024.5817796610168,4325.15,2,2,1,221,Lost Customers
CUST00170,2025-09-26,9,1497.05,591.78,96,2024-01-10,West,Email,721,4.55617198335645,166.33888888888887,757.8685852981969,1083.75,3,2,4,324,Needs Attention
CUST00171,2025-04-24,8,3626.2000000000003,1721.7,251,2024-02-14,East,Paid Search,686,4.256559766763848,453.27500000000003,1929.3921282798835,2759.03,5,3,2,532,Loyal Customers
CUST00172,2025-12-09,5,1651.48,565.57,22,2024-02-07,South,Direct,693,2.6334776334776335,330.296,869.8271284271284,1243.85,2,4,4,244,At Risk
CUST00173,2025-12-22,3,494.68999999999994,257.28,9,2024-11-20,West,Direct,406,2.697044334975369,164.89666666666665,444.7336206896551,635.97,1,4,5,145,At Risk
CUST00174,2025-09-04,9,2924.08,1299.44,118,2024-10-30,South,Social,427,7.693208430913349,324.8977777777778,2499.5063231850118,3574.29,4,2,2,422,Potential Loyalists
CUST00175,2025-11-01,26,8940.529999999999,3844.71,60,2024-10-19,East,Direct,438,21.666666666666668,343.8665384615384,7450.441666666667,10654.13,3,1,1,311,Needs Attention
CUST00176,2025-12-29,13,6451.7,2939.9,2,2024-07-12,West,Organic Search,537,8.836126629422719,496.2846153846154,4385.233705772812,6270.88,1,1,1,111,Lost Customers
CUST00177,2025-12-18,10,3895.92,1855.1100000000001,13,2024-10-28,Central,Direct,429,8.508158508158509,389.592,3314.71048951049,4740.04,1,2,2,122,Lost Customers
CUST00178,2025-09-08,2,414.07,110.52,114,2024-03-08,Central,Organic Search,663,1.10105580693816,207.035,227.95708898944196,325.98,4,5,5,455,Champions
CUST00179,2025-10-25,5,2603.44,1310.33,67,2025-01-13,East,Organic Search,352,5.184659090909091,520.688,2699.5897727272727,3860.41,3,4,3,343,Needs Attention
CUST00180,2025-10-07,10,3668.1899999999996,1635.04,85,2024-07-29,East,Social,520,7.01923076923077,366.81899999999996,2574.7872115384616,3681.95,3,2,2,322,Needs Attention
CUST00181,2025-09-12,9,4290.07,1814.62,110,2025-01-28,West,Organic Search,337,9.747774480712167,476.6744444444444,4646.514985163205,6644.52,4,2,2,422,Potential Loyalists
CUST00182,2025-06-09,2,1094.64,498.83,205,2024-03-04,South,Organic Search,667,1.0944527736131935,547.32,599.0158920539731,856.59,4,5,4,454,Champions
CUST00183,2025-12-11,29,9342.83,4227.54,20,2024-07-27,Central,Organic Search,522,20.27777777777778,322.16655172413795,6532.82174329502,9341.94,1,1,1,111,Lost Customers
CUST00184,2025-12-03,3,1082.55,381.25,28,2024-10-19,East,Email,438,2.5,360.84999999999997,902.1249999999999,1290.04,2,4,4,244,At Risk
CUST00185,2024-06-17,1,216.75,84.03,562,2024-07-27,North,Direct,522,0.6992337164750958,216.75,151.558908045977,216.73,5,5,5,555,Champions
CUST00186,2025-12-06,4,2499.13,1021.55,25,2024-07-06,North,Organic Search,543,2.6887661141804786,624.7825,1679.894014732965,2402.25,2,4,3,243,At Risk
CUST00187,2025-12-27,4,1154.86,576.06,4,2024-03-10,Central,Referral,661,2.208774583963691,288.715,637.706354009077,911.92,1,4,4,144,At Risk
CUST00188,2024-10-24,2,787.23,238.91000000000003,433,2024-06-09,North,Direct,570,1.280701754385965,393.615,504.1034210526316,720.87,5,5,5,555,Champions
CUST00189,2025-12-25,12,3011.13,988.9200000000001,6,2024-04-10,South,Organic Search,630,6.9523809523809526,250.9275,1744.5435714285716,2494.7,1,2,2,122,Lost Customers
CUST00190,2025-10-28,10,2718.0099999999998,994.7,64,2024-05-06,South,Organic Search,604,6.043046357615894,271.801,1642.5060430463575,2348.78,3,2,3,323,Needs Attention
CUST00191,2025-12-09,12,3402.06,1361.8600000000001,22,2024-10-14,North,Direct,443,9.887133182844243,283.505,2803.0516930022573,4008.36,2,2,2,222,Lost Customers
CUST00192,2025-02-01,2,968.85,387.21000000000004,333,2024-09-21,South,Direct,466,1.5665236051502145,484.425,758.8631974248926,1085.17,5,5,5,555,Champions
CUST00193,2025-11-18,19,5823.37,2499.2599999999998,43,2024-09-12,West,Social,475,14.6,306.49315789473684,4474.800105263158,6398.96,2,1,1,211,Lost Customers
CUST00194,2025-12-06,14,4101.05,1792.1100000000001,25,2024-05-31,North,Direct,579,8.825561312607945,292.9321428571429,2585.290587219344,3696.97,2,1,2,212,Lost Customers
CUST00195,2025-10-17,1,345.88,188.92,75,2025-02-07,Central,Organic Search,327,1.1162079510703364,345.88,386.07400611620795,552.09,3,5,5,355,Needs Attention
CUST00196,2025-03-18,2,566.8,217.7,288,2024-02-06,Central,Email,694,1.0518731988472623,283.4,298.1008645533141,426.28,5,5,5,555,Champions
CUST00197,2024-01-05,1,29.48,7.22,726,2024-05-23,South,Direct,587,0.6218057921635435,29.48,18.33083475298126,26.21,5,5,5,555,Champions
CUST00198,2025-11-29,10,4619.86,1859.03,32,2024-02-19,North,Paid Search,681,5.359765051395008,461.986,2476.136417033774,3540.88,2,2,1,221,Lost Customers
CUST00199,2025-07-31,9,3194.69,1377.28,153,2024-05-22,East,Direct,588,5.586734693877551,354.96555555555557,1983.0983843537415,2835.83,4,2,2,422,Potential Loyalists
CUST00200,2025-12-17,14,5917.83,2486.77,14,2025-02-07,North,Social,327,15.62691131498471,422.70214285714286,6605.528899082569,9445.91,1,1,1,111,Lost Customers
CUST00201,2025-12-21,31,10903.4,4868.06,10,2024-06-02,South,Direct,577,19.61005199306759,351.72258064516126,6897.29809358752,9863.14,1,1,1,111,Lost Customers
CUST00202,2024-11-04,3,1352.22,414.8,422,2025-01-16,Central,Email,349,3.1375358166189113,450.74,1414.212893982808,2022.32,5,4,4,544,Champions
CUST00203,2024-09-09,4,1729.9499999999998,819.61,478,2024-07-26,Central,Email,523,2.791586998087954,432.48749999999995,1207.326481835564,1726.48,5,4,4,544,Champions
CUST00204,2025-11-30,18,6444.929999999999,2546.09,31,2024-10-20,West,Paid Search,437,15.034324942791761,358.0516666666666,5383.065102974827,7697.78,2,1,1,211,Lost Customers
CUST00205,2025-11-17,16,6614.15,3234.5,44,2024-07-11,South,Paid Search,538,10.855018587360595,413.384375,4487.295074349442,6416.83,2,1,1,211,Lost Customers
CUST00206,2025-12-19,2,225.85999999999999,51.480000000000004,12,2024-04-21,West,Direct,619,1.1793214862681745,112.92999999999999,133.18077544426492,190.45,1,5,5,155,At Risk
CUST00207,2025-12-19,16,4597.04,2124.36,12,2024-11-16,West,Organic Search,410,14.24390243902439,287.315,4092.4868292682927,5852.26,1,1,1,111,Lost Customers
CUST00208,2025-10-18,9,2400.39,1034.31,74,2025-02-11,South,Organic Search,323,10.170278637770897,266.71,2712.5150154798757,3878.9,3,2,3,323,Needs Attention
CUST00209,2025-08-27,6,2931.9799999999996,1391.06,126,2024-04-20,West,Organic Search,620,3.5322580645161294,488.66333333333324,1726.0849999999998,2468.3,4,3,2,432,Loyal Customers
CUST00210,2025-09-21,5,1228.02,436.1,101,2024-11-23,North,Organic Search,403,4.528535980148884,245.60399999999998,1112.2265508684864,1590.48,4,4,4,444,Champions
CUST00211,2025-12-09,7,2420.79,1145.75,22,2024-04-19,North,Direct,621,4.114331723027375,345.82714285714286,1422.8475845410626,2034.67,2,3,3,233,At Risk
CUST00212,2025-11-22,18,5699.38,2367.76,39,2024-10-28,East,Email,429,15.314685314685315,316.63222222222225,4849.1228438228445,6934.25,2,1,1,211,Lost Customers
CUST00213,2025-11-02,2,244.53,90.63,59,2024-11-27,North,Direct,399,1.8295739348370925,122.265,223.69285714285712,319.88,3,5,5,355,Needs Attention
CUST00214,2025-11-15,10,3075.64,1298.95,46,2024-07-07,North,Organic Search,542,6.734317343173432,307.56399999999996,2071.233579335793,2961.86,2,2,2,222,Lost Customers
CUST00215,2025-07-28,9,2896.5,1238.68,156,2024-11-05,Central,Referral,421,7.802850356294536,321.8333333333333,2511.217339667458,3591.04,4,2,3,423,Potential Loyalists
CUST00216,2025-12-25,20,6773.29,2673.44,6,2024-04-24,Central,Email,616,11.85064935064935,338.6645,4013.3942370129867,5739.15,1,1,1,111,Lost Customers
CUST00217,2024-12-15,3,1481.34,672.48,381,2024-02-03,East,Email,697,1.5710186513629842,493.78,775.7375896700144,1109.3,5,4,4,544,Champions
CUST00218,2025-12-30,6,1374.16,525.25,1,2024-02-10,Central,Direct,690,3.1739130434782608,229.02666666666667,726.9107246376811,1039.48,1,3,4,134,At Risk
CUST00219,2025-01-26,2,965.81,388.07,339,2024-07-06,Central,Direct,543,1.3443830570902393,482.905,649.209300184162,928.37,5,5,5,555,Champions
CUST00220,2025-10-15,10,2369.15,948.35,77,2025-01-14,North,Direct,351,10.398860398860398,236.91500000000002,2463.6460113960115,3523.01,3,2,3,323,Needs Attention
CUST00221,2025-12-01,7,2473.35,1114.8400000000001,30,2024-02-23,East,Organic Search,677,3.774002954209749,353.3357142857143,1333.4900295420975,1906.89,2,3,3,233,At Risk
CUST00222,2025-08-15,2,734.71,334.88,138,2024-07-10,South,Paid Search,539,1.3543599257884973,367.355,497.5308905380334,711.47,4,5,5,455,Champions
CUST00223,2025-08-10,8,2605.84,1215.15,143,2024-10-22,North,Referral,435,6.712643678160919,325.73,2186.5094252873564,3126.71,4,3,3,433,Loyal Customers
CUST00224,2025-11-25,24,7561.35,3104.19,36,2024-03-25,West,Paid Search,646,13.560371517027864,315.05625000000003,4272.27979876161,6109.36,2,1,1,211,Lost Customers
CUST00225,2025-12-17,12,4314.4800000000005,2056.99,14,2024-10-30,South,Direct,427,10.257611241217798,359.54,3688.0215456674473,5273.87,1,2,2,122,Lost Customers
CUST00226,2025-12-05,1,224.93,101.42,26,2024-05-08,East,Social,602,0.6063122923588039,224.93,136.37782392026577,195.02,2,5,5,255,At Risk
CUST00228,2025-12-11,7,3698.19,1776.85,20,2024-08-31,North,Direct,487,5.24640657084189,528.3128571428572,2771.7440451745383,3963.59,1,3,2,132,At Risk
CUST00229,2025-08-20,3,1098.8700000000001,510.77000000000004,133,2024-08-17,Central,Referral,501,2.18562874251497,366.29,800.5739520958084,1144.82,4,4,4,444,Champions
CUST00230,2025-11-25,15,6745.32,2823.67,36,2024-03-15,North,Organic Search,656,8.346036585365853,449.688,3753.1124999999997,5366.95,2,1,1,211,Lost Customers
CUST00231,2025-05-11,2,546.97,178.95999999999998,234,2024-07-13,South,Organic Search,536,1.3619402985074627,273.485,372.4702425373134,532.63,5,5,5,555,Champions
CUST00232,2025-12-25,9,3989.54,1445.54,6,2024-12-25,South,Social,371,8.8544474393531,443.28222222222223,3925.0191374663077,5612.78,1,2,2,122,Lost Customers
CUST00233,2025-01-13,3,678.36,282.47,352,2024-01-09,East,Social,722,1.5166204986149583,226.12,342.93822714681437,490.4,5,4,5,545,Champions
CUST00234,2025-08-25,6,2455.36,1017.43,128,2024-11-14,East,Paid Search,412,5.315533980582524,409.2266666666667,2175.2582524271843,3110.62,4,3,3,433,Loyal Customers
CUST00236,2025-12-11,8,3712.3599999999997,1499.18,20,2024-10-29,North,Direct,428,6.822429906542055,464.04499999999996,3165.9144859813077,4527.26,1,3,2,132,At Risk
CUST00237,2025-12-28,17,6710.09,3030.46,3,2024-10-05,South,Direct,452,13.72787610619469,394.71117647058827,5418.546128318585,7748.52,1,1,1,111,Lost Customers
CUST00238,2025-11-07,11,5023.62,1924.8400000000001,54,2024-06-30,Central,Social,549,7.313296903460838,456.69272727272727,3339.929508196721,4776.1,3,2,1,321,Needs Attention
CUST00239,2025-10-07,17,7026.29,2648.0299999999997,85,2024-05-09,West,Email,601,10.324459234608986,413.31117647058824,4267.2143926788685,6102.12,3,1,1,311,Needs Attention
CUST00241,2025-08-31,7,4662.27,2201.01,122,2024-02-28,West,Social,672,3.8020833333333335,666.0385714285715,2532.3341517857143,3621.24,4,3,1,431,Loyal Customers
CUST00242,2025-11-21,9,2575.83,1181.78,40,2024-09-02,West,Paid Search,485,6.77319587628866,286.2033333333333,1938.5112371134019,2772.07,2,2,3,223,Lost Customers
CUST00243,2025-08-18,14,4852.48,1992.66,135,2024-02-09,North,Social,691,7.395079594790158,346.60571428571427,2563.1768451519533,3665.34,4,1,1,411,Potential Loyalists
CUST00244,2025-03-19,13,6766.04,3209.34,287,2024-09-29,South,Referral,458,10.360262008733624,520.4646153846154,5392.149781659388,7710.77,5,1,1,511,Potential Loyalists
CUST00245,2025-12-23,9,1668.46,609.65,8,2024-09-21,East,Organic Search,466,7.049356223175965,185.38444444444445,1306.8409871244635,1868.78,1,2,4,124,Lost Customers
CUST00246,2025-09-10,9,4361.76,1899.6399999999999,112,2024-02-05,South,Organic Search,695,4.726618705035971,484.64000000000004,2290.708489208633,3275.71,4,2,2,422,Potential Loyalists
CUST00247,2025-05-06,4,1789.64,892.49,239,2024-11-14,Central,Paid Search,412,3.5436893203883493,447.41,1585.4820388349515,2267.24,5,4,4,544,Champions
CUST00248,2025-11-02,2,395.2,215.98000000000002,59,2024-06-23,East,Direct,556,1.3129496402877698,197.6,259.43884892086334,371.0,3,5,5,355,Needs Attention
CUST00249,2025-10-28,12,4581.05,2002.17,64,2024-11-26,West,Referral,400,10.950000000000001,381.75416666666666,4180.208125,5977.7,3,2,2,322,Needs Attention
CUST00250,2025-12-21,18,6727.150000000001,2631.14,10,2024-01-18,Central,Organic Search,713,9.214586255259468,373.7305555555556,3443.7724403927077,4924.59,1,1,1,111,Lost Customers
CUST00251,2025-11-09,9,3915.5299999999997,1869.93,52,2024-03-16,East,Direct,655,5.015267175572519,435.0588888888889,2181.936564885496,3120.17,3,2,2,322,Needs Attention
CUST00252,2025-07-02,8,2964.01,1102.46,182,2024-07-26,Central,Email,523,5.583173996175908,370.50125,2068.5729445506695,2958.06,4,3,2,432,Loyal Customers
CUST00253,2025-12-10,20,7466.8,3438.63,21,2024-03-20,East,Social,651,11.213517665130569,373.34000000000003,4186.454685099847,5986.63,2,1,1,211,Lost Customers
CUST00254,2025-09-03,8,2347.16,849.55,119,2024-05-18,Central,Direct,592,4.9324324324324325,293.395,1447.1510135135134,2069.43,4,3,3,433,Loyal Customers
CUST00255,2025-07-28,18,4440.95,1926.69,156,2024-10-04,South,Organic Search,453,14.503311258278147,246.71944444444443,3578.2488962472407,5116.9,4,1,2,412,Potential Loyalists
CUST00256,2025-11-08,13,5913.099999999999,2813.56,53,2024-03-01,East,Paid Search,670,7.082089552238806,454.8538461538461,3221.3156716417907,4606.48,3,1,1,311,Needs Attention
CUST00257,2025-12-20,3,867.74,377.53000000000003,11,2024-10-11,East,Social,446,2.4551569506726456,289.24666666666667,710.1459641255605,1015.51,1,4,5,145,At Risk
CUST00258,2025-09-17,8,2557.39,1246.25,105,2024-02-13,North,Organic Search,687,4.250363901018923,319.67375,1358.7297671033477,1942.98,4,3,3,433,Loyal Customers
CUST00259,2025-09-21,8,3533.12,1584.9,101,2024-03-14,South,Referral,657,4.444444444444445,441.64,1962.8444444444444,2806.87,4,3,2,432,Loyal Customers
CUST00260,2025-12-06,25,9138.53,4149.79,25,2024-09-03,Central,Paid Search,484,18.853305785123965,365.5412,6891.6600206611565,9855.07,2,1,1,211,Lost Customers
CUST00261,2025-10-23,19,6401.77,2631.02,69,2024-11-29,West,Organic Search,397,17.46851385390428,336.9352631578948,5885.758312342569,8416.63,3,1,1,311,Needs Attention
CUST00262,2025-08-09,12,4099.51,1686.2,144,2024-03-12,North,Paid Search,659,6.646433990895296,341.62583333333333,2270.593550834598,3246.95,4,2,2,422,Potential Loyalists
CUST00263,2025-07-10,17,6278.77,2523.94,174,2024-05-05,South,Email,605,10.256198347107437,369.3394117647059,3788.01826446281,5416.87,4,1,1,411,Potential Loyalists
CUST00264,2025-09-21,7,3087.32,1082.2,101,2025-01-23,North,Organic Search,342,7.470760233918129,441.0457142857143,3294.9467836257313,4711.77,4,3,2,432,Loyal Customers
CUST00265,2025-07-31,6,1613.88,513.38,153,2025-02-19,North,Organic Search,315,6.9523809523809526,268.98,1870.0514285714287,2674.17,4,3,4,434,Loyal Customers
CUST00266,2025-12-23,28,9681.06,4029.2,8,2024-09-01,Central,Direct,486,21.02880658436214,345.7521428571428,7270.754938271604,10397.18,1,1,1,111,Lost Customers
CUST00267,2025-09-29,7,3117.5,1437.35,93,2024-07-06,East,Paid Search,543,4.705340699815838,445.35714285714283,2095.5570902394106,2996.65,3,3,2,332,Needs Attention
CUST00268,2025-11-08,16,6571.45,3093.07,53,2024-05-25,South,Email,585,9.982905982905983,410.715625,4100.13547008547,5863.19,3,1,1,311,Needs Attention
CUST00271,2025-12-14,10,6151.09,2837.77,17,2024-05-03,South,Paid Search,607,6.013179571663921,615.109,3698.760873146623,5289.23,1,2,1,121,Lost Customers
CUST00272,2025-02-01,1,325.64,162.2,333,2024-01-10,West,Social,721,0.5062413314840499,325.64,164.85242718446602,235.74,5,5,5,555,Champions
CUST00273,2025-09-01,8,1980.2199999999998,886.1,121,2024-03-04,West,Paid Search,667,4.377811094452774,247.52749999999997,1083.6286356821588,1549.59,4,3,3,433,Loyal Customers
CUST00274,2025-07-19,3,947.42,472.18,165,2025-02-06,Central,Direct,328,3.3384146341463414,315.8066666666667,1054.2935975609755,1507.64,4,4,5,445,Champions
CUST00275,2025-12-17,43,11345.08,4232.97,14,2024-06-24,West,Direct,555,28.279279279279276,263.83906976744186,7461.178738738738,10669.49,1,1,1,111,Lost Customers
CUST00276,2025-09-23,16,5695.75,2455.8,99,2024-07-21,East,Organic Search,528,11.06060606060606,355.984375,3937.4029356060605,5630.49,3,1,1,311,Needs Attention
CUST00277,2025-12-28,15,4622.28,1712.68,3,2024-07-15,West,Organic Search,534,10.252808988764045,308.152,3159.423595505618,4517.98,1,1,1,111,Lost Customers
CUST00279,2025-11-17,11,4063.88,1794.12,44,2024-01-28,West,Social,703,5.711237553342817,369.44363636363636,2109.9803698435276,3017.27,2,2,2,222,Lost Customers
CUST00280,2025-12-10,5,1080.05,386.93999999999994,21,2024-02-04,Central,Organic Search,696,2.6221264367816093,216.01,566.4055316091954,809.96,2,4,4,244,At Risk
CUST00281,2025-06-02,11,3552.69,1551.57,212,2024-04-25,West,Direct,615,6.528455284552845,322.9718181818182,2108.507073170732,3015.17,5,2,2,522,Potential Loyalists
CUST00282,2025-07-18,5,1696.44,720.03,166,2024-07-23,Central,Direct,526,3.4695817490494294,339.288,1177.1874524714829,1683.38,4,4,4,444,Champions
CUST00283,2025-12-13,10,3843.01,1754.08,18,2024-10-08,North,Direct,449,8.129175946547885,384.30100000000004,3124.0504454342995,4467.39,1,2,2,122,Lost Customers
CUST00284,2025-02-14,1,215.18,97.46,320,2024-07-25,West,Social,524,0.6965648854961831,215.18,149.88683206106867,214.34,5,5,5,555,Champions
CUST00285,2025-10-03,13,4326.62,2040.79,89,2024-07-04,East,Direct,545,8.706422018348624,332.81692307692305,2897.644587155963,4143.63,3,1,2,312,Needs Attention
CUST00286,2025-12-15,17,5694.71,2510.96,16,2025-01-28,East,Organic Search,337,18.412462908011868,334.9829411764706,6167.860979228486,8820.04,1,1,1,111,Lost Customers
CUST00287,2025-09-24,3,804.3399999999999,386.96000000000004,98,2024-03-08,West,Email,663,1.65158371040724,268.1133333333333,442.8116138763197,633.22,3,4,5,345,Needs Attention
CUST00288,2025-12-01,35,10621.49,4633.11,30,2024-08-28,Central,Paid Search,490,26.07142857142857,303.47114285714287,7911.9262244897955,11314.05,2,1,1,211,Lost Customers
CUST00289,2025-09-23,16,6340.23,2875.01,99,2024-08-15,Central,Direct,503,11.610337972166999,396.264375,4600.763320079523,6579.09,4,1,1,411,Potential Loyalists
CUST00290,2025-06-27,7,1217.1399999999999,376.51,187,2024-07-17,South,Social,532,4.802631578947368,173.87714285714284,835.0678571428571,1194.15,4,3,4,434,Loyal Customers
CUST00291,2025-07-21,4,916.38,342.64,163,2024-12-05,West,Direct,391,3.7340153452685425,229.095,855.4442455242968,1223.29,4,4,5,445,Champions
CUST00292,2025-10-28,6,1629.07,551.3,64,2024-04-22,West,Organic Search,618,3.5436893203883497,271.51166666666666,962.1529935275081,1375.88,3,3,4,334,Needs Attention
CUST00293,2025-03-10,6,2120.14,889.82,296,2025-02-04,South,Direct,330,6.636363636363637,353.3566666666666,2345.003333333333,3353.35,5,3,3,533,Loyal Customers
CUST00294,2025-09-09,10,4223.87,1848.03,113,2024-05-19,North,Social,591,6.175972927241963,422.387,2608.650676818951,3730.37,4,2,2,422,Potential Loyalists
CUST00295,2025-06-28,5,2354.25,853.6500000000001,186,2024-08-16,North,Social,502,3.6354581673306776,470.85,1711.7554780876496,2447.81,4,4,3,443,Loyal Customers
CUST00296,2025-10-12,7,4776.98,2193.5,80,2024-08-06,West,Direct,512,4.990234375,682.4257142857142,3405.4642578124995,4869.81,3,3,1,331,Needs Attention
CUST00298,2025-12-14,11,6078.82,3005.43,17,2024-07-03,Central,Email,546,7.353479853479853,552.62,4063.6800366300363,5811.06,1,2,1,121,Lost Customers
CUST00300,2025-11-27,22,6517.15,2725.9700000000003,34,2024-01-10,Central,Organic Search,721,11.137309292649098,296.23409090909087,3299.2506934812754,4717.93,2,1,1,211,Lost Customers
CUST00302,2025-03-01,1,1240.78,653.58,305,2024-12-13,West,Organic Search,383,0.9530026109660574,1240.78,1182.4665796344648,1690.93,5,5,4,554,Champions
CUST00303,2025-12-29,4,1513.8,594.79,2,2024-01-05,North,Organic Search,726,2.0110192837465566,378.45,761.0702479338843,1088.33,1,4,4,144,At Risk
CUST00304,2025-08-01,5,988.8599999999999,401.82,152,2025-01-11,East,Direct,354,5.155367231638418,197.772,1019.5872881355931,1458.01,4,4,4,444,Champions
CUST00305,2025-05-27,1,97.12,42.64,218,2024-08-15,West,Social,503,0.7256461232604374,97.12,70.47475149105368,100.78,5,5,5,555,Champions
CUST00306,2025-10-25,6,2197.21,785.5600000000001,67,2024-02-28,Central,Email,672,3.2589285714285716,366.20166666666665,1193.425074404762,1706.6,3,3,3,333,Needs Attention
CUST00307,2025-11-10,8,3854.93,1775.9,51,2024-05-06,Central,Email,604,4.834437086092715,481.86625,2329.5520695364235,3331.26,3,3,2,332,Needs Attention
CUST00308,2025-11-18,2,1321.8600000000001,393.19,43,2024-08-20,North,Email,498,1.465863453815261,660.9300000000001,968.8331325301206,1385.43,2,5,4,254,At Risk
CUST00309,2024-09-12,5,1341.63,570.5799999999999,475,2024-05-12,South,Referral,598,3.0518394648829434,268.326,818.8878762541807,1171.01,5,4,4,544,Champions
CUST00310,2025-12-03,2,442.11,147.14,28,2024-02-15,North,Direct,685,1.0656934306569343,221.055,235.57686131386862,336.87,2,5,5,255,At Risk
CUST00311,2024-09-25,1,239.22,32.22,462,2024-10-06,North,Direct,451,0.8093126385809313,239.22,193.60376940133037,276.85,5,5,5,555,Champions
CUST00312,2025-11-13,15,6142.5599999999995,2592.6,48,2024-10-09,West,Email,448,12.220982142857142,409.50399999999996,5004.541071428571,7156.49,3,1,1,311,Needs Attention
CUST00314,2025-09-09,16,5338.54,2067.07,113,2024-04-28,West,Email,612,9.542483660130719,333.65875,3183.9331699346403,4553.02,4,1,1,411,Potential Loyalists
CUST00315,2025-01-31,1,121.82,30.82,334,2024-04-12,Central,Social,628,0.5812101910828026,121.82,70.80302547770701,101.25,5,5,5,555,Champions
CUST00316,2025-12-30,21,8324.94,3880.2400000000002,1,2024-10-03,West,Email,454,16.883259911894275,396.4257142857143,6692.958370044054,9570.93,1,1,1,111,Lost Customers
CUST00317,2025-11-01,2,614.28,276.1,60,2024-11-02,West,Referral,424,1.7216981132075473,307.14,528.802358490566,756.19,3,5,5,355,Needs Attention
CUST00318,2025-09-11,6,1670.39,601.3,111,2024-11-01,North,Social,425,5.152941176470589,278.39833333333337,1434.570235294118,2051.44,4,3,4,434,Loyal Customers
CUST00319,2024-07-08,1,210.6,99.55,541,2025-01-29,South,Paid Search,336,1.0863095238095237,210.6,228.7767857142857,327.15,5,5,5,555,Champions
CUST00320,2024-10-10,3,323.08,113.32,447,2024-11-18,West,Paid Search,408,2.6838235294117645,107.69333333333333,289.0299019607843,413.31,5,5,5,555,Champions
CUST00321,2025-10-24,4,1857.0900000000001,883.59,68,2024-05-14,Central,Email,596,2.4496644295302015,464.27250000000004,1137.3118288590606,1626.36,3,4,3,343,Needs Attention
CUST00322,2024-09-06,2,467.62,256.86,481,2024-02-15,North,Organic Search,685,1.0656934306569343,233.81,249.16978102189782,356.31,5,5,5,555,Champions
CUST00323,2025-12-17,11,3352.84,1474.49,14,2024-09-15,East,Organic Search,472,8.50635593220339,304.8036363636364,2592.768220338983,3707.66,1,2,2,122,Lost Customers
CUST00324,2025-12-13,7,2769.1600000000003,1239.48,18,2025-01-19,West,Referral,346,7.384393063583815,395.5942857142858,2921.2236994219656,4177.35,1,3,3,133,At Risk
CUST00325,2025-11-19,5,2062.48,946.13,42,2025-02-13,North,Email,321,5.685358255451713,412.496,2345.1875389408096,3353.62,2,4,3,243,At Risk
CUST00326,2025-12-04,7,1341.82,448.19,27,2024-04-06,South,Paid Search,634,4.029968454258675,191.6885714285714,772.4988958990535,1104.67,2,3,4,234,At Risk
CUST00327,2025-10-05,3,905.34,409.62,87,2024-04-09,Central,Social,631,1.735340729001585,301.78000000000003,523.6911251980983,748.88,3,5,5,355,Needs Attention
CUST00328,2025-07-22,7,2534.9700000000003,1208.8100000000002,162,2024-01-16,West,Direct,715,3.5734265734265733,362.1385714285715,1294.0755944055945,1850.53,4,3,3,433,Loyal Customers
CUST00329,2024-11-14,2,280.41,116.89,412,2024-02-29,South,Paid Search,671,1.0879284649776453,140.205,152.53301043219076,218.12,5,5,5,555,Champions
CUST00330,2025-11-16,9,2345.28,867.85,45,2024-08-21,Central,Direct,497,6.609657947686117,260.5866666666667,1722.3887323943663,2463.02,2,2,3,223,Lost Customers
CUST00331,2025-11-05,6,2299.2999999999997,1039.0,56,2024-08-17,South,Direct,501,4.37125748502994,383.21666666666664,1675.13872255489,2395.45,3,3,3,333,Needs Attention
CUST00332,2025-10-12,12,3109.37,1058.03,80,2024-06-04,Central,Social,575,7.617391304347826,259.1141666666667,1973.774,2822.5,3,2,2,322,Needs Attention
CUST00334,2024-08-26,4,1233.66,543.98,492,2024-12-14,East,Organic Search,382,3.821989528795812,308.415,1178.7589005235604,1685.63,5,4,4,544,Champions
CUST00335,2024-08-06,3,642.62,253.77,512,2024-07-12,South,Direct,537,2.0391061452513966,214.20666666666668,436.7901303538175,624.61,5,5,5,555,Champions
CUST00336,2025-08-14,3,629.56,156.49,139,2024-12-05,South,Email,391,2.800511508951407,209.85333333333332,587.6966751918159,840.41,4,5,5,455,Champions
CUST00337,2025-12-03,8,2730.23,1261.78,28,2025-02-08,Central,Direct,326,8.957055214723926,341.27875,3056.8526073619632,4371.3,2,3,3,233,At Risk
CUST00338,2025-12-03,9,3725.32,1395.02,28,2024-05-13,North,Social,597,5.50251256281407,413.9244444444445,2277.6244556113907,3257.0,2,2,2,222,Lost Customers
CUST00339,2025-05-05,4,1256.01,554.25,240,2024-03-26,North,Organic Search,645,2.2635658914728682,314.0025,710.7653488372093,1016.39,5,4,4,544,Champions
CUST00340,2025-11-23,9,2580.14,1083.17,38,2025-02-04,South,Organic Search,330,9.954545454545455,286.6822222222222,2853.791212121212,4080.92,2,2,3,223,Lost Customers
CUST00341,2025-02-21,4,1850.35,814.9000000000001,313,2024-09-23,West,Referral,464,3.1465517241379306,462.5875,1455.555495689655,2081.44,5,4,3,543,Loyal Customers
CUST00343,2025-10-27,8,2225.5,864.37,65,2024-09-18,Central,Organic Search,469,6.226012793176973,278.1875,1731.9989339019191,2476.76,3,3,3,333,Needs Attention
CUST00344,2025-12-19,20,7948.5,3313.12,12,2024-08-04,South,Direct,514,14.202334630350194,397.425,5644.362840466926,8071.44,1,1,1,111,Lost Customers
CUST00345,2025-04-19,6,1373.04,589.15,256,2025-01-15,South,Direct,350,6.257142857142857,228.84,1431.8845714285715,2047.59,5,3,4,534,Loyal Customers
CUST00346,2025-11-25,7,2275.53,887.3299999999999,36,2024-04-17,North,Social,623,4.1011235955056184,325.0757142857143,1333.1756821829858,1906.44,2,3,3,233,At Risk
CUST00347,2025-09-16,5,1782.6599999999999,697.89,106,2025-02-20,East,Email,314,5.812101910828026,356.532,2072.2003184713376,2963.25,4,4,4,444,Champions
CUST00348,2025-12-11,16,4003.46,1323.31,20,2025-01-28,Central,Organic Search,337,17.329376854599406,250.21625,4336.0916913946585,6200.61,1,1,2,112,Lost Customers
CUST00349,2025-09-06,6,1218.78,531.41,116,2024-03-16,West,Direct,655,3.3435114503816794,203.13,679.1674809160305,971.21,4,3,4,434,Loyal Customers
CUST00350,2025-11-28,12,5817.360000000001,2589.2,33,2024-03-10,East,Paid Search,661,6.626323751891074,484.78000000000003,3212.309228441755,4593.6,2,2,1,221,Lost Customers
CUST00351,2025-11-08,11,3971.59,1574.84,53,2024-08-11,South,Direct,507,7.9191321499013805,361.0536363636364,2859.231459566075,4088.7,3,2,2,322,Needs Attention
CUST00352,2025-12-14,22,7338.04,3073.2,17,2024-01-19,Central,Email,712,11.27808988764045,333.54727272727274,3761.776123595506,5379.34,1,1,1,111,Lost Customers
CUST00353,2025-03-28,6,3220.42,1530.9,278,2024-05-05,East,Social,605,3.6198347107438016,536.7366666666667,1942.8980165289256,2778.34,5,3,2,532,Loyal Customers
CUST00354,2025-09-12,7,2622.82,1186.75,110,2024-07-01,North,Paid Search,548,4.662408759124087,374.68857142857144,1746.9512773722627,2498.14,4,3,3,433,Loyal Customers
CUST00355,2025-11-21,17,7470.22,3366.44,40,2025-02-11,South,Organic Search,323,19.210526315789473,439.42470588235295,8441.579876160991,12071.46,2,1,1,211,Lost Customers
CUST00356,2025-09-15,17,5249.4,2324.71,107,2025-02-20,North,Direct,314,19.761146496815286,308.7882352941176,6102.009554140126,8725.87,4,1,1,411,Potential Loyalists
CUST00357,2025-12-14,9,3780.18,1387.49,17,2024-03-04,North,Social,667,4.925037481259371,420.02,2068.6142428785606,2958.12,1,2,2,122,Lost Customers
CUST00358,2025-11-11,24,11641.59,5520.22,50,2025-01-09,North,Social,356,24.60674157303371,485.06625,11935.899859550564,17068.34,3,1,1,311,Needs Attention
CUST00359,2025-06-12,7,2419.35,1024.5,202,2024-02-08,East,Direct,692,3.6921965317919074,345.62142857142857,1276.102239884393,1824.83,4,3,3,433,Loyal Customers
CUST00360,2025-09-10,5,1294.08,542.9,112,2024-11-10,West,Direct,416,4.387019230769231,258.816,1135.430769230769,1623.67,4,4,4,444,Champions
CUST00361,2025-12-14,10,3220.74,1454.99,17,2024-12-21,South,Direct,375,9.733333333333333,322.07399999999996,3134.8535999999995,4482.84,1,2,2,122,Lost Customers
CUST00362,2025-08-19,3,466.58,129.95,134,2025-01-09,South,Organic Search,356,3.0758426966292136,155.52666666666667,478.3755617977528,684.08,4,5,5,455,Champions
CUST00363,2025-09-08,5,1660.42,521.03,114,2024-04-03,Central,Social,637,2.864992150706436,332.084,951.4180533751962,1360.53,4,4,4,444,Champions
CUST00364,2025-10-20,16,5126.96,2369.0299999999997,72,2025-01-10,West,Direct,355,16.450704225352112,320.435,5271.381408450704,7538.08,3,1,1,311,Needs Attention
CUST00365,2025-12-09,4,1477.54,551.6700000000001,22,2024-02-18,East,Email,682,2.1407624633431084,369.385,790.7655425219941,1130.79,2,4,4,244,At Risk
CUST00366,2025-12-19,9,4578.9,1909.19,12,2024-08-05,South,Organic Search,513,6.4035087719298245,508.76666666666665,3257.891812865497,4658.79,1,2,2,122,Lost Customers
CUST00367,2025-12-19,21,6967.34,3008.55,12,2024-07-16,Central,Direct,533,14.380863039399623,331.77809523809526,4771.255347091932,6822.9,1,1,1,111,Lost Customers
CUST00368,2025-12-26,7,3232.99,1538.17,5,2024-05-12,South,Social,598,4.2725752508361206,461.85571428571427,1973.3132943143812,2821.84,1,3,2,132,At Risk
CUST00369,2025-10-08,13,4272.73,1927.11,84,2024-01-10,South,Social,721,6.581137309292649,328.67153846153843,2163.0325242718445,3093.14,3,1,2,312,Needs Attention
CUST00370,2025-12-29,9,2960.56,1412.56,2,2024-11-20,Central,Direct,406,8.091133004926109,328.9511111111111,2661.5871921182265,3806.07,1,2,2,122,Lost Customers
CUST00371,2025-11-14,8,2851.22,1206.2,47,2024-05-20,East,Social,590,4.9491525423728815,356.4025,1763.8903389830507,2522.36,3,3,3,333,Needs Attention
CUST00372,2025-09-22,6,1451.18,564.86,100,2024-10-04,West,Email,453,4.8344370860927155,241.86333333333334,1169.2730684326712,1672.06,4,3,4,434,Loyal Customers
CUST00373,2024-05-27,1,265.02,66.48,583,2024-06-21,East,Email,558,0.6541218637992832,265.02,173.355376344086,247.9,5,5,5,555,Champions
CUST00374,2025-06-13,1,158.28,70.11,201,2024-06-05,West,Email,574,0.6358885017421603,158.28,100.64843205574913,143.93,4,5,5,455,Champions
CUST00375,2025-11-23,11,4446.07,1931.37,38,2025-01-07,South,Organic Search,358,11.215083798882683,404.1881818181818,4533.004329608939,6482.2,2,2,2,222,Lost Customers
CUST00376,2025-10-15,13,4583.73,1887.47,77,2024-02-09,South,Direct,691,6.866859623733719,352.59461538461534,2421.217727930535,3462.34,3,1,2,312,Needs Attention
CUST00377,2025-12-15,14,6027.92,2669.23,16,2024-11-05,South,Direct,421,12.137767220902612,430.5657142857143,5226.1064133016625,7473.33,1,1,1,111,Lost Customers
CUST00378,2025-12-19,8,2463.19,1074.92,12,2024-11-09,North,Paid Search,417,7.002398081534771,307.89875,2156.0296163069543,3083.12,1,3,3,133,At Risk
CUST00379,2025-12-14,32,11033.19,4598.6900000000005,17,2024-06-08,Central,Paid Search,571,20.4553415061296,344.7871875,7052.739667250439,10085.42,1,1,1,111,Lost Customers
CUST00380,2025-11-25,6,1150.6100000000001,511.41,36,2024-04-20,South,Direct,620,3.5322580645161294,191.76833333333335,677.375241935484,968.65,2,3,4,234,At Risk
CUST00381,2025-11-29,7,2054.02,764.91,32,2024-01-03,East,Organic Search,728,3.5096153846153846,293.43142857142857,1029.831456043956,1472.66,2,3,3,233,At Risk
CUST00382,2025-04-11,4,1985.65,904.0899999999999,264,2025-01-28,West,Social,337,4.332344213649852,496.4125,2150.629821958457,3075.4,5,4,3,543,Loyal Customers
CUST00383,2025-11-25,14,6138.76,2461.2799999999997,36,2025-02-02,West,Email,332,15.39156626506024,438.48285714285714,6748.937951807228,9650.98,2,1,1,211,Lost Customers
CUST00384,2025-11-03,19,6758.389999999999,2709.59,58,2024-04-11,South,Referral,629,11.02543720190779,355.7047368421052,3921.8002384737674,5608.17,3,1,1,311,Needs Attention
CUST00385,2025-10-21,6,1369.47,517.55,71,2024-01-14,East,Organic Search,717,3.0543933054393304,228.245,697.15,996.92,3,3,4,334,Needs Attention
CUST00386,2025-12-21,18,6384.2699999999995,2944.67,10,2024-02-21,Central,Referral,679,9.675994108983799,354.6816666666666,3431.8977172312216,4907.61,1,1,1,111,Lost Customers
CUST00387,2025-05-19,6,1684.9199999999998,571.22,226,2024-01-29,West,Email,702,3.1196581196581197,280.82,876.0623931623932,1252.77,5,3,4,534,Loyal Customers
CUST00388,2025-10-24,14,3541.4700000000003,1437.22,68,2024-12-15,West,Social,381,13.412073490813647,252.96214285714288,3392.7468503937007,4851.63,3,1,2,312,Needs Attention
CUST00389,2025-09-07,7,2318.2,1092.8600000000001,115,2025-01-09,Central,Organic Search,356,7.176966292134831,331.1714285714285,2376.8061797752803,3398.83,4,3,3,433,Loyal Customers
CUST00390,2025-07-12,12,4391.7,2087.9,172,2024-03-05,West,Email,666,6.576576576576576,365.97499999999997,2406.8626126126123,3441.81,4,2,2,422,Potential Loyalists
CUST00391,2025-05-22,5,3161.51,1475.06,223,2024-11-09,North,Social,417,4.376498800959232,632.302,2767.2689448441242,3957.19,5,4,2,542,Loyal Customers
CUST00392,2025-11-19,9,3573.76,1623.98,42,2024-03-16,East,Paid Search,655,5.015267175572519,397.08444444444444,1991.4845801526717,2847.82,2,2,2,222,Lost Customers
CUST00393,2024-11-04,1,346.8,81.36,422,2024-06-03,North,Organic Search,576,0.6336805555555556,346.8,219.76041666666669,314.26,5,5,5,555,Champions
CUST00394,2025-12-17,19,9497.48,3981.9500000000003,14,2024-09-08,West,Organic Search,479,14.478079331941544,499.8673684210526,7237.119415448851,10349.08,1,1,1,111,Lost Customers
CUST00395,2025-12-04,13,4424.85,2027.45,27,2024-10-29,Central,Paid Search,428,11.08644859813084,340.37307692307695,3773.528621495327,5396.15,2,1,2,212,Lost Customers
CUST00396,2025-08-13,8,3271.96,1162.49,140,2025-01-02,East,Organic Search,363,8.044077134986226,408.995,3289.987327823692,4704.68,4,3,2,432,Loyal Customers
CUST00397,2025-12-27,13,5511.68,2280.52,4,2024-01-19,South,Direct,712,6.66432584269663,423.97538461538466,2825.510112359551,4040.48,1,1,1,111,Lost Customers
CUST00398,2025-11-15,19,6647.35,2957.91,46,2024-03-23,North,Email,648,10.70216049382716,349.8605263157895,3744.26350308642,5354.3,2,1,1,211,Lost Customers
CUST00399,2025-11-12,13,4690.16,2006.3799999999999,49,2024-04-27,Central,Direct,613,7.740619902120717,360.78153846153845,2792.6727569331156,3993.52,3,1,1,311,Needs Attention
CUST00400,2025-12-28,37,11783.15,4486.72,3,2024-05-10,North,Direct,600,22.508333333333333,318.4635135135135,7168.082916666665,10250.36,1,1,1,111,Lost Customers
CUST00401,2025-05-18,10,4486.12,1777.85,227,2025-02-23,North,Organic Search,311,11.736334405144694,448.61199999999997,5265.060450160771,7529.04,5,2,2,522,Potential Loyalists
CUST00402,2025-07-23,3,878.3100000000001,439.27,161,2024-11-22,South,Referral,404,2.710396039603961,292.77000000000004,793.5226485148517,1134.74,4,5,5,455,Champions
CUST00403,2025-11-08,9,2916.11,1089.78,53,2024-05-14,North,Direct,596,5.511744966442953,324.01222222222225,1785.872734899329,2553.8,3,2,3,323,Needs Attention
CUST00404,2025-09-26,8,2534.4700000000003,734.1600000000001,96,2025-02-12,East,Referral,322,9.068322981366459,316.80875000000003,2872.9240683229814,4108.28,3,3,3,333,Needs Attention
CUST00405,2025-10-04,19,5464.09,2544.92,88,2024-07-28,East,Email,521,13.310940499040306,287.5836842105263,3828.009309021113,5474.05,3,1,1,311,Needs Attention
CUST00406,2025-12-26,10,2945.75,1123.8400000000001,5,2024-07-29,South,Email,520,7.01923076923077,294.575,2067.689903846154,2956.8,1,2,2,122,Lost Customers
CUST00407,2025-07-19,3,806.6600000000001,280.28000000000003,165,2024-07-01,North,Organic Search,548,1.9981751824817517,268.8866666666667,537.2826642335767,768.31,4,5,5,455,Champions
CUST00408,2025-05-21,4,917.74,434.03999999999996,224,2024-03-01,North,Social,670,2.1791044776119404,229.435,499.9628358208955,714.95,5,4,5,545,Champions
CUST00409,2024-02-02,1,319.2,176.9,698,2025-01-27,South,Direct,338,1.0798816568047338,319.2,344.698224852071,492.92,5,5,5,555,Champions
CUST00410,2025-11-20,9,2971.34,1193.33,41,2024-01-06,North,Direct,725,4.531034482758621,330.1488888888889,1495.9160000000002,2139.16,2,2,2,222,Lost Customers
CUST00411,2025-06-10,4,1307.83,496.97,204,2024-03-14,West,Organic Search,657,2.2222222222222223,326.9575,726.5722222222222,1039.0,4,4,4,444,Champions
CUST00412,2025-01-24,4,1317.33,548.12,341,2024-04-06,North,Referral,634,2.302839116719243,329.3325,758.39976340694,1084.51,5,4,4,544,Champions
CUST00413,2025-12-19,17,5403.28,2368.87,12,2024-04-27,South,Paid Search,613,10.122349102773246,317.84,3217.287438825448,4600.72,1,1,1,111,Lost Customers
CUST00414,2025-12-22,24,6244.57,2584.23,9,2024-02-25,South,Direct,675,12.977777777777778,260.19041666666664,3376.693407407407,4828.67,1,1,1,111,Lost Customers
CUST00415,2024-06-18,2,392.68,194.39,561,2024-01-08,South,Organic Search,723,1.0096818810511756,196.34,198.24094052558783,283.48,5,5,5,555,Champions
CUST00416,2025-12-05,6,1295.67,588.12,26,2024-10-11,North,Direct,446,4.910313901345291,215.94500000000002,1060.357735426009,1516.31,2,3,4,234,At Risk
CUST00417,2025-10-19,3,438.15,212.73000000000002,73,2025-02-11,North,Direct,323,3.390092879256966,146.04999999999998,495.1230650154798,708.03,3,5,5,355,Needs Attention
CUST00418,2025-12-25,15,4999.47,2202.02,6,2024-02-21,Central,Organic Search,679,8.063328424153166,333.298,2687.491237113402,3843.11,1,1,1,111,Lost Customers
CUST00419,2025-04-05,4,2315.89,1215.23,270,2024-05-04,North,Organic Search,606,2.4092409240924093,578.9725,1394.8842409240924,1994.68,5,4,3,543,Loyal Customers
CUST00420,2025-03-03,1,460.02,165.0,303,2024-07-31,East,Direct,518,0.7046332046332047,460.02,324.1453667953668,463.53,5,5,5,555,Champions
CUST00421,2025-09-27,4,557.89,193.27,95,2025-01-24,East,Organic Search,341,4.281524926686217,139.4725,597.1549853372434,853.93,3,4,5,345,Needs Attention
CUST00422,2025-12-11,14,4365.76,2005.0,20,2024-10-18,South,Social,439,11.64009111617312,311.84000000000003,3629.846013667426,5190.68,1,1,2,112,Lost Customers
CUST00423,2025-12-13,6,2593.44,1252.65,18,2024-11-17,South,Direct,409,5.354523227383863,432.24,2314.439119804401,3309.65,1,3,3,133,At Risk
CUST00424,2025-11-30,4,1498.6,587.81,31,2024-09-01,West,Social,486,3.0041152263374484,374.65,1125.491769547325,1609.45,2,4,4,244,At Risk
CUST00425,2025-08-09,5,2023.12,962.7399999999999,144,2024-06-24,Central,Email,555,3.288288288288288,404.62399999999997,1330.5203603603602,1902.64,4,4,3,443,Loyal Customers
CUST00426,2024-01-08,1,365.48,64.18,723,2024-03-24,South,Email,647,0.5641421947449768,365.48,206.18268933539414,294.84,5,5,5,555,Champions
CUST00427,2025-02-10,4,966.82,374.58,324,2024-12-29,South,Organic Search,367,3.9782016348773843,241.705,961.5512261580383,1375.02,5,4,5,545,Champions
CUST00428,2025-12-28,5,2535.7799999999997,1134.8600000000001,3,2024-12-03,South,Direct,393,4.643765903307888,507.15599999999995,2355.113740458015,3367.81,1,4,3,143,At Risk
CUST00429,2025-12-25,38,14461.9,5992.69,6,2024-01-11,East,Paid Search,720,19.26388888888889,380.57631578947365,7331.379861111111,10483.87,1,1,1,111,Lost Customers
CUST00430,2024-09-12,1,158.87,37.66,475,2024-10-27,West,Organic Search,430,0.8488372093023255,158.87,134.85476744186047,192.84,5,5,5,555,Champions
CUST00431,2025-12-13,7,1882.95,725.8,18,2024-02-05,South,Paid Search,695,3.676258992805755,268.99285714285713,988.8874100719423,1414.11,1,3,3,133,At Risk
CUST00432,2025-09-02,4,1613.41,715.5699999999999,120,2024-11-06,South,Direct,420,3.4761904761904763,403.3525,1402.1301190476192,2005.05,4,4,4,444,Champions
CUST00433,2025-09-29,13,3335.7,1441.27,93,2024-12-12,Central,Organic Search,384,12.356770833333334,256.59230769230766,3170.6523437499995,4534.03,3,1,2,312,Needs Attention
CUST00434,2025-05-25,3,700.39,304.18,220,2024-02-25,North,Direct,675,1.6222222222222222,233.46333333333334,378.7294074074074,541.58,5,5,5,555,Champions
CUST00435,2025-03-18,1,577.08,125.13,288,2024-07-01,East,Referral,548,0.6660583941605839,577.08,384.36897810218977,549.65,5,5,5,555,Champions
CUST00436,2025-12-13,5,762.99,272.38,18,2024-02-21,West,Direct,679,2.6877761413843886,152.598,410.14926362297496,586.51,1,4,5,145,At Risk
CUST00437,2025-10-22,12,3207.42,1282.1399999999999,70,2024-08-26,North,Direct,492,8.902439024390244,267.285,2379.4884146341465,3402.67,3,2,2,322,Needs Attention
CUST00438,2025-12-02,6,1266.47,418.39,29,2025-01-24,North,Direct,341,6.422287390029325,211.07833333333335,1355.6057184750732,1938.52,2,3,4,234,At Risk
CUST00439,2025-12-20,16,8257.03,3744.29,11,2024-02-03,North,Direct,697,8.378766140602583,516.064375,4323.982711621235,6183.3,1,1,1,111,Lost Customers
CUST00440,2025-12-04,6,1471.68,360.95,27,2024-06-15,Central,Organic Search,564,3.882978723404255,245.28,952.4170212765957,1361.96,2,3,4,234,At Risk
CUST00441,2025-08-20,11,4319.51,1754.2,133,2025-02-12,North,Direct,322,12.46894409937888,392.6827272727273,4896.338975155279,7001.76,4,2,2,422,Potential Loyalists
CUST00442,2025-12-11,15,6150.48,2647.77,20,2024-05-06,North,Social,604,9.064569536423841,410.032,3716.7635761589404,5314.97,1,1,1,111,Lost Customers
CUST00443,2025-12-30,9,3862.71,1866.77,1,2024-02-25,North,Social,675,4.866666666666666,429.19,2088.7246666666665,2986.88,1,2,2,122,Lost Customers
CUST00444,2025-05-09,3,633.01,300.26,236,2024-07-24,North,Direct,525,2.085714285714286,211.00333333333333,440.0926666666667,629.33,5,5,5,555,Champions
CUST00445,2025-12-21,2,600.47,221.71,10,2024-08-01,West,Direct,517,1.4119922630560928,300.235,423.92949709864604,606.22,1,5,5,155,At Risk
CUST00446,2025-10-18,6,2188.39,996.83,74,2024-10-05,South,Referral,452,4.845132743362832,364.7316666666666,1767.1733407079646,2527.06,3,3,3,333,Needs Attention
CUST00447,2025-11-29,3,1908.94,824.27,32,2024-05-11,East,Social,599,1.8280467445742905,636.3133333333334,1163.2105175292154,1663.39,2,5,3,253,At Risk
CUST00448,2025-01-09,1,251.7,58.58,356,2025-02-05,East,Email,329,1.109422492401216,251.7,279.24164133738606,399.32,5,5,5,555,Champions
CUST00449,2025-06-30,2,511.05,237.2,184,2024-08-06,Central,Email,512,1.42578125,255.525,364.32275390625,520.98,4,5,5,455,Champions
CUST00450,2025-11-10,15,4841.86,1989.53,51,2024-04-30,North,Email,610,8.975409836065573,322.79066666666665,2897.1785245901638,4142.97,3,1,1,311,Needs Attention
CUST00451,2025-02-05,5,1800.24,799.38,329,2025-02-07,Central,Email,327,5.581039755351682,360.048,2009.4422018348625,2873.5,5,4,4,544,Champions
CUST00452,2024-09-20,1,140.66,44.1,467,2025-01-23,East,Organic Search,342,1.067251461988304,140.66,150.11959064327485,214.67,5,5,5,555,Champions
CUST00453,2024-01-11,1,460.02,165.0,720,2024-07-28,North,Organic Search,521,0.7005758157389635,460.02,322.278886756238,460.86,5,5,5,555,Champions
CUST00454,2025-11-29,17,6559.349999999999,2982.7999999999997,32,2024-01-11,West,Direct,720,8.618055555555555,385.8441176470588,3325.2260416666663,4755.07,2,1,1,211,Lost Customers
CUST00455,2025-02-23,3,1655.62,437.8,311,2024-09-07,Central,Email,480,2.28125,551.8733333333333,1258.9610416666667,1800.31,5,5,4,554,Champions
CUST00457,2025-11-27,7,1882.24,853.64,34,2024-03-03,Central,Social,668,3.8248502994011977,268.89142857142855,1028.4694610778442,1470.71,2,3,3,233,At Risk
CUST00458,2025-07-14,10,2853.15,999.09,170,2024-09-23,East,Organic Search,464,7.8663793103448265,285.315,2244.396012931034,3209.49,4,2,3,423,Potential Loyalists
CUST00459,2025-12-04,5,1156.02,455.38,27,2024-12-19,East,Organic Search,377,4.840848806366047,231.204,1119.2236074270556,1600.49,2,4,4,244,At Risk
CUST00460,2024-11-03,5,1277.98,564.21,423,2024-02-14,Central,Paid Search,686,2.6603498542274053,255.596,679.9747813411079,972.36,5,4,4,544,Champions
CUST00461,2025-12-07,8,1989.14,636.1,24,2024-10-30,South,Direct,427,6.8384074941451995,248.6425,1700.3187353629978,2431.46,2,3,3,233,At Risk
CUST00462,2025-08-04,4,1172.27,510.29,149,2024-02-28,West,Paid Search,672,2.1726190476190474,293.0675,636.7240327380952,910.52,4,4,4,444,Champions
CUST00463,2025-12-01,20,7592.39,3153.36,30,2024-11-10,South,Social,416,17.548076923076923,379.6195,6661.5921875,9526.08,2,1,1,211,Lost Customers
CUST00464,2025-12-18,8,2851.55,1098.25,13,2024-06-25,West,Direct,554,5.270758122743683,356.44375,1878.7287906137187,2686.58,1,3,3,133,At Risk
CUST00465,2025-06-24,4,1704.5600000000002,806.01,190,2024-01-03,East,Direct,728,2.0054945054945055,426.14000000000004,854.6214285714286,1222.11,4,4,4,444,Champions
CUST00466,2025-12-20,2,920.97,340.81,11,2025-02-09,North,Paid Search,325,2.246153846153846,460.485,1034.320153846154,1479.08,1,5,5,155,At Risk
CUST00468,2025-08-20,4,1354.22,616.62,133,2024-09-07,South,Organic Search,480,3.041666666666667,338.555,1029.7714583333334,1472.57,4,4,4,444,Champions
CUST00469,2024-10-01,3,1449.38,611.3599999999999,456,2024-03-17,North,Organic Search,654,1.6743119266055047,483.1266666666667,808.9047400611622,1156.73,5,5,4,554,Champions
CUST00470,2025-11-15,8,4212.52,1732.85,46,2025-01-26,North,Organic Search,339,8.613569321533923,526.565,4535.604129793511,6485.91,3,3,2,332,Needs Attention
CUST00471,2025-08-25,3,1303.54,524.0600000000001,128,2024-11-06,South,Social,420,2.607142857142857,434.5133333333333,1132.8383333333334,1619.96,4,5,4,454,Champions
CUST00472,2025-11-09,19,4551.27,2020.8,52,2024-12-03,North,Direct,393,17.646310432569976,239.5405263157895,4227.006488549619,6044.62,3,1,2,312,Needs Attention
CUST00473,2025-09-04,15,5238.58,2413.64,118,2024-06-30,North,Social,549,9.972677595628415,349.2386666666667,3482.844626593807,4980.47,4,1,1,411,Potential Loyalists
CUST00474,2025-04-20,1,158.28,70.11,255,2024-07-15,West,Social,534,0.6835205992509363,158.28,108.1876404494382,154.71,5,5,5,555,Champions
CUST00475,2025-11-29,16,6680.8,2776.39,32,2024-09-23,West,Paid Search,464,12.586206896551722,417.55,5255.370689655172,7515.18,2,1,1,211,Lost Customers
CUST00476,2025-12-16,7,2436.65,1084.3,15,2024-11-25,West,Direct,401,6.371571072319202,348.09285714285716,2217.898379052369,3171.59,1,3,3,133,At Risk
CUST00477,2025-11-21,9,3311.92,1288.1200000000001,40,2024-12-21,South,Social,375,8.76,367.99111111111114,3223.6021333333333,4609.75,2,2,2,222,Lost Customers
CUST00478,2025-10-16,4,1727.8899999999999,700.04,76,2024-01-08,Central,Direct,723,2.0193637621023512,431.97249999999997,872.3096127247578,1247.4,3,4,4,344,Needs Attention
CUST00479,2025-07-24,7,2424.58,1189.14,160,2024-10-05,East,Direct,452,5.652654867256637,346.36857142857144,1957.9019911504427,2799.8,4,3,3,433,Loyal Customers
CUST00480,2025-06-26,1,488.77,193.75,188,2024-02-15,North,Paid Search,685,0.5328467153284672,488.77,260.4394890510949,372.43,4,5,5,455,Champions
CUST00481,2025-12-08,13,2727.7200000000003,822.42,23,2024-04-30,North,Organic Search,610,7.778688524590164,209.8246153846154,1632.1603278688526,2333.99,2,2,3,223,Lost Customers
CUST00482,2025-07-11,15,6713.339999999999,2967.94,173,2024-12-14,West,Paid Search,382,14.332460732984295,447.5559999999999,6414.578795811518,9172.85,4,1,1,411,Potential Loyalists
CUST00483,2025-09-16,1,301.68,147.66,106,2024-04-15,North,Email,625,0.584,301.68,176.18112,251.94,4,5,5,455,Champions
CUST00484,2025-11-10,13,4485.570000000001,1835.36,51,2024-11-30,East,Direct,396,11.982323232323232,345.0438461538462,4134.426893939394,5912.23,3,2,2,322,Needs Attention
CUST00485,2025-05-12,1,364.08,207.12,233,2024-07-13,Central,Email,536,0.6809701492537313,364.08,247.9276119402985,354.54,5,5,5,555,Champions
CUST00486,2025-12-06,28,8125.73,3458.48,25,2024-04-07,North,Direct,633,16.145339652448655,290.20464285714286,4685.452527646129,6700.2,2,1,1,211,Lost Customers
CUST00487,2025-08-03,12,4272.3099999999995,1982.82,150,2024-05-20,North,Social,590,7.423728813559322,356.0258333333333,2643.039237288135,3779.55,4,2,2,422,Potential Loyalists
CUST00488,2025-11-27,10,4267.62,1595.1299999999999,34,2024-08-10,Central,Organic Search,508,7.18503937007874,426.762,3066.3017716535433,4384.81,2,2,2,222,Lost Customers
CUST00489,2025-06-07,7,1795.4299999999998,711.55,207,2024-11-17,East,Paid Search,409,6.2469437652811735,256.48999999999995,1602.2786063569679,2291.26,5,3,4,534,Loyal Customers
CUST00490,2025-12-15,27,9163.7,3794.07,16,2024-09-11,North,Referral,476,20.703781512605044,339.3962962962963,7026.786764705884,10048.31,1,1,1,111,Lost Customers
CUST00491,2025-01-21,1,374.07,134.17,344,2025-01-26,Central,Referral,339,1.0766961651917404,374.07,402.75973451327434,575.95,5,5,5,555,Champions
CUST00492,2025-09-13,4,2084.15,833.6,109,2024-12-30,Central,Email,366,3.9890710382513657,521.0375,2078.455601092896,2972.19,4,4,3,443,Loyal Customers
CUST00493,2025-09-03,2,165.5,85.79,119,2024-11-12,East,Paid Search,414,1.7632850241545894,82.75,145.91183574879227,208.65,4,5,5,455,Champions
CUST00494,2025-07-08,13,4549.44,2062.5,176,2024-09-10,West,Referral,477,9.947589098532495,349.95692307692303,3481.2276729559744,4978.16,4,2,2,422,Potential Loyalists
CUST00495,2025-10-15,6,1721.04,575.2,77,2024-05-01,South,Organic Search,609,3.596059113300493,286.84,1031.4935960591133,1475.04,3,3,4,334,Needs Attention
CUST00496,2025-09-08,3,1887.79,678.71,114,2024-06-22,North,Direct,557,1.9658886894075402,629.2633333333333,1237.0616696588868,1769.0,4,5,3,453,Loyal Customers
CUST00497,2025-10-28,10,3369.57,1222.56,64,2024-02-19,East,Organic Search,681,5.359765051395008,336.957,1806.0103524229075,2582.59,3,2,2,322,Needs Attention
CUST00498,2025-12-24,6,2108.5,858.66,7,2024-06-06,South,Organic Search,573,3.8219895287958114,351.4166666666667,1343.1108202443281,1920.65,1,3,3,133,At Risk
CUST00499,2025-05-01,1,478.94,128.9,244,2025-01-24,West,Social,341,1.0703812316715542,478.94,512.6483870967742,733.09,5,5,5,555,Champions
CUST00500,2025-07-27,11,3861.26,1547.6000000000001,157,2024-06-27,Central,Social,552,7.273550724637681,351.0236363636364,2553.1882246376813,3651.06,4,2,2,422,Potential Loyalists
CUST00501,2025-04-27,5,1941.44,807.23,248,2024-02-17,North,Social,683,2.67203513909224,388.288,1037.5191800878476,1483.65,5,4,3,543,Loyal Customers
CUST00502,2025-05-30,6,1345.12,490.36,215,2024-09-30,East,Email,457,4.792122538293216,224.18666666666664,1074.3299781181618,1536.29,5,4,4,544,Champions
CUST00503,2025-12-08,9,1680.12,645.7,23,2025-02-08,South,Direct,326,10.076687116564417,186.67999999999998,1881.115950920245,2690.0,2,2,4,224,Lost Customers
CUST00504,2025-05-07,2,1281.6399999999999,691.84,238,2024-12-30,Central,Social,366,1.9945355191256828,640.8199999999999,1278.13825136612,1827.74,5,5,4,554,Champions
CUST00505,2025-12-14,10,2391.88,859.3100000000001,17,2024-04-25,South,Social,615,5.934959349593496,239.18800000000002,1419.571056910569,2029.99,1,2,3,123,Lost Customers
CUST00507,2025-07-18,5,1925.7199999999998,804.2099999999999,166,2024-08-11,East,Organic Search,507,3.5996055226824457,385.14399999999995,1386.3664694280076,1982.5,4,4,3,443,Loyal Customers
CUST00508,2025-10-03,3,848.28,368.82,89,2024-04-14,South,Social,626,1.7492012779552715,282.76,494.60415335463256,707.28,3,5,5,355,Needs Attention
CUST00509,2025-05-05,6,1118.67,356.71000000000004,240,2024-04-22,West,Paid Search,618,3.5436893203883497,186.44500000000002,660.7031553398059,944.81,5,4,4,544,Champions
CUST00510,2025-08-27,3,964.09,457.2,126,2024-04-09,West,Referral,631,1.735340729001585,321.36333333333334,557.6748811410461,797.48,4,5,5,455,Champions
CUST00511,2025-08-03,9,3286.5,1582.11,150,2025-02-21,East,Organic Search,313,10.495207667731629,365.1666666666667,3832.5,5480.48,4,2,2,422,Potential Loyalists
CUST00512,2025-12-19,13,4480.65,1704.53,12,2024-11-09,West,Direct,417,11.378896882494004,344.6653846153846,3921.9118705035967,5608.33,1,2,2,122,Lost Customers
CUST00513,2025-11-02,4,2488.8999999999996,922.67,59,2024-12-19,Central,Email,377,3.8726790450928377,622.2249999999999,2409.6777188328906,3445.84,3,4,3,343,Needs Attention
CUST00514,2025-05-02,2,383.59,181.29,243,2024-12-08,South,Direct,388,1.8814432989690721,191.795,360.8514175257732,516.02,5,5,5,555,Champions
CUST00515,2025-04-11,5,989.5899999999999,477.46,264,2025-02-06,East,Social,328,5.564024390243903,197.91799999999998,1101.2205792682926,1574.75,5,4,4,544,Champions
CUST00516,2025-10-01,20,7050.73,3259.08,91,2024-02-14,North,Organic Search,686,10.641399416909621,352.5365,3751.4817055393587,5364.62,3,1,1,311,Needs Attention
CUST00517,2025-12-19,27,9960.7,4055.54,12,2025-01-05,West,Direct,360,27.375,368.91481481481486,10099.043055555558,14441.63,1,1,1,111,Lost Customers
CUST00518,2025-08-12,10,3294.2200000000003,1327.88,141,2024-01-28,East,Referral,703,5.19203413940256,329.422,1710.3702702702703,2445.83,4,2,2,422,Potential Loyalists
CUST00519,2025-01-07,1,396.07,156.17,358,2024-07-18,South,Direct,531,0.6873822975517891,396.07,272.25150659133715,389.32,5,5,5,555,Champions
CUST00520,2025-03-29,3,939.88,322.12,277,2024-09-06,North,Email,481,2.2765072765072762,313.29333333333335,713.214553014553,1019.9,5,5,5,555,Champions
CUST00521,2025-11-22,7,1905.3799999999999,904.62,39,2024-05-30,Central,Referral,580,4.405172413793104,272.19714285714286,1199.0753448275864,1714.68,2,3,3,233,At Risk
CUST00522,2024-09-24,4,760.77,331.43,463,2024-03-02,South,Direct,669,2.182361733931241,190.1925,415.0688340807175,593.55,5,4,5,545,Champions
CUST00523,2025-11-17,15,6687.43,2972.1,44,2024-03-21,West,Referral,650,8.423076923076923,445.82866666666666,3755.249153846154,5370.01,2,1,1,211,Lost Customers
CUST00524,2025-06-30,8,2173.63,978.87,184,2024-12-12,North,Paid Search,384,7.604166666666668,271.70375,2066.0805989583337,2954.5,4,3,3,433,Loyal Customers
CUST00525,2025-11-18,4,913.8199999999999,391.01,43,2024-05-13,Central,Referral,597,2.4455611390284755,228.45499999999998,558.7006700167503,798.94,2,4,5,245,At Risk
CUST00526,2025-12-23,6,2473.18,1127.67,8,2024-05-10,North,Referral,600,3.6500000000000004,412.19666666666666,1504.5178333333336,2151.46,1,4,3,143,At Risk
CUST00527,2025-12-30,15,4129.04,1768.8400000000001,1,2025-01-22,North,Direct,343,15.96209912536443,275.26933333333335,4393.87638483965,6283.24,1,1,2,112,Lost Customers
CUST00528,2025-12-04,16,5787.17,2636.46,27,2024-03-01,Central,Email,670,8.716417910447761,361.698125,3152.7120149253733,4508.38,2,1,1,211,Lost Customers
CUST00529,2025-10-23,10,3605.48,1447.3600000000001,69,2025-01-19,Central,Email,346,10.54913294797688,360.548,3803.4687861271677,5438.96,3,2,2,322,Needs Attention
CUST00530,2025-12-21,21,7287.93,3459.51,10,2025-01-21,North,Direct,344,22.281976744186046,347.0442857142857,7732.832703488371,11057.95,1,1,1,111,Lost Customers
CUST00531,2025-07-21,4,1960.8200000000002,797.65,163,2024-09-08,East,Social,479,3.048016701461378,490.20500000000004,1494.153027139875,2136.64,4,4,3,443,Loyal Customers
CUST00532,2025-06-28,6,2161.29,864.02,186,2024-03-10,West,Direct,661,3.313161875945537,360.215,1193.4506051437215,1706.63,4,4,3,443,Loyal Customers
CUST00533,2025-11-06,7,2413.17,1057.55,55,2024-03-06,Central,Email,665,3.8421052631578947,344.73857142857145,1324.521879699248,1894.07,3,3,3,333,Needs Attention
CUST00534,2024-07-21,1,310.19,163.39,528,2024-04-29,South,Paid Search,611,0.5973813420621932,310.19,185.3017184942717,264.98,5,5,5,555,Champions
CUST00535,2025-11-30,16,5236.39,2283.4,31,2024-08-30,East,Direct,488,11.967213114754097,327.274375,3916.5621926229505,5600.68,2,1,1,211,Lost Customers
CUST00536,2025-12-01,14,4954.17,2160.35,30,2024-03-05,West,Organic Search,666,7.672672672672673,353.8692857142857,2715.123198198198,3882.63,2,1,1,211,Lost Customers
CUST00537,2025-04-26,2,473.23,220.92000000000002,249,2024-07-10,West,Organic Search,539,1.3543599257884973,236.615,320.4618738404453,458.26,5,5,5,555,Champions
CUST00540,2025-04-18,4,1299.68,557.75,257,2024-01-09,North,Direct,722,2.0221606648199444,324.92,657.0404432132964,939.57,5,4,4,544,Champions
CUST00541,2025-12-02,7,1828.64,871.01,29,2024-10-24,Central,Paid Search,433,5.900692840646652,261.2342857142857,1541.4632794457277,2204.29,2,3,4,234,At Risk
CUST00542,2025-11-18,14,5739.64,2153.45,43,2024-01-24,Central,Organic Search,707,7.227722772277228,409.9742857142857,2963.1804809052333,4237.35,2,1,1,211,Lost Customers
CUST00543,2025-11-08,20,8691.68,3677.83,53,2024-03-22,West,Direct,649,11.248073959938367,434.584,4888.232973805855,6990.17,3,1,1,311,Needs Attention
CUST00544,2025-10-05,8,2506.96,1036.76,87,2024-03-14,North,Organic Search,657,4.444444444444445,313.37,1392.7555555555557,1991.64,3,3,3,333,Needs Attention
CUST00545,2025-10-17,5,2391.54,1232.74,75,2024-12-15,North,Organic Search,381,4.79002624671916,478.308,2291.1078740157477,3276.28,3,4,3,343,Needs Attention
CUST00546,2025-10-23,4,1076.68,487.29999999999995,69,2024-01-23,West,Paid Search,708,2.062146892655367,269.17,555.0680790960453,793.75,3,4,4,344,Needs Attention
CUST00547,2025-12-22,9,4543.08,2117.82,9,2024-06-29,North,Social,550,5.972727272727273,504.78666666666663,3014.953090909091,4311.38,1,2,2,122,Lost Customers
CUST00548,2025-08-17,1,433.5,168.06,136,2024-09-05,Central,Direct,482,0.7572614107883818,433.5,328.27282157676353,469.43,4,5,5,455,Champions
CUST00549,2024-08-28,2,932.14,283.37,490,2024-08-04,South,Direct,514,1.4202334630350195,466.07,661.9282101167315,946.56,5,5,5,555,Champions
CUST00550,2025-11-22,11,3820.0,1629.99,39,2024-10-12,West,Referral,445,9.02247191011236,347.27272727272725,3133.258426966292,4480.56,2,2,2,222,Lost Customers
CUST00551,2025-02-20,7,2469.44,1144.78,314,2024-12-03,Central,Organic Search,393,6.5012722646310435,352.77714285714285,2293.500254452926,3279.71,5,3,3,533,Loyal Customers
CUST00553,2025-10-10,4,908.5600000000001,424.95,82,2024-12-13,South,Social,383,3.8120104438642297,227.14000000000001,865.8600522193212,1238.18,3,4,5,345,Needs Attention
CUST00554,2025-04-08,5,2794.33,1185.96,267,2024-05-13,East,Organic Search,597,3.0569514237855944,558.866,1708.42621440536,2443.05,5,4,3,543,Loyal Customers
CUST00555,2025-12-02,2,377.1,187.98,29,2025-02-17,East,Paid Search,317,2.302839116719243,188.55,434.20031545741324,620.91,2,5,5,255,At Risk
CUST00556,2025-09-23,10,3609.15,1358.1000000000001,99,2024-07-30,South,Paid Search,519,7.032755298651252,360.915,2538.226878612717,3629.66,4,2,2,422,Potential Loyalists
CUST00557,2025-11-14,32,13128.32,5587.76,47,2024-11-05,East,Organic Search,421,27.743467933491686,410.26,11382.0351543943,16276.31,3,1,1,311,Needs Attention
CUST00558,2025-04-18,1,301.68,147.66,257,2025-01-02,Central,Social,363,1.0055096418732783,301.68,303.3421487603306,433.78,5,5,5,555,Champions
CUST00559,2025-12-26,17,4865.45,2162.56,5,2024-11-28,East,Referral,398,15.590452261306533,286.2029411764706,4462.033291457286,6380.71,1,1,1,111,Lost Customers
CUST00560,2025-12-30,27,10245.4,4511.0599999999995,1,2024-12-23,North,Organic Search,373,26.420911528150135,379.4592592592592,10025.659517426273,14336.69,1,1,1,111,Lost Customers
CUST00561,2025-09-23,10,1919.88,757.89,99,2024-08-13,South,Social,505,7.227722772277228,191.988,1387.6360396039604,1984.32,4,2,3,423,Potential Loyalists
CUST00562,2025-12-15,11,3106.3599999999997,1243.3899999999999,16,2024-01-19,South,Direct,712,5.639044943820225,282.3963636363636,1592.4457865168538,2277.2,1,2,2,122,Lost Customers
CUST00563,2025-11-15,3,1176.27,495.69000000000005,46,2024-07-26,North,Direct,523,2.0936902485659656,392.09,820.9150095602295,1173.91,3,5,4,354,Needs Attention
CUST00564,2025-12-25,17,6104.39,2802.34,6,2024-03-17,North,Direct,654,9.48776758409786,359.0817647058824,3406.8843272171257,4871.84,1,1,1,111,Lost Customers
CUST00565,2025-11-21,4,970.94,349.07,40,2025-01-08,West,Email,357,4.089635854341736,242.735,992.6977591036415,1419.56,2,4,4,244,At Risk
CUST00566,2025-11-25,4,1322.3600000000001,368.59000000000003,36,2024-04-09,South,Direct,631,2.3137876386687797,330.59000000000003,764.9150554675119,1093.83,2,4,4,244,At Risk
CUST00567,2025-11-19,8,1893.07,860.1700000000001,42,2024-04-05,Central,Paid Search,635,4.5984251968503935,236.63375,1088.1425984251969,1556.04,2,3,3,233,At Risk
CUST00568,2025-10-12,16,7999.14,3222.86,80,2024-04-14,South,Email,626,9.329073482428115,499.94625,4664.035303514377,6669.57,3,1,1,311,Needs Attention
CUST00569,2025-12-11,20,5702.93,2364.51,20,2024-09-26,North,Organic Search,461,15.835140997830802,285.1465,4515.335032537961,6456.93,2,1,1,211,Lost Customers
CUST00570,2025-09-10,3,1619.03,849.56,112,2024-08-27,West,Email,491,2.230142566191446,539.6766666666666,1203.5559063136454,1721.08,4,5,4,454,Champions
CUST00571,2025-11-14,8,2177.71,981.9,47,2025-02-02,Central,Email,332,8.795180722891565,272.21375,2394.169126506024,3423.66,3,3,3,333,Needs Attention
CUST00572,2025-12-21,4,663.85,171.39000000000001,10,2024-06-23,South,Paid Search,556,2.6258992805755397,165.9625,435.800809352518,623.2,1,4,5,145,At Risk
CUST00573,2025-12-20,7,2622.9500000000003,1106.79,11,2024-04-28,North,Direct,612,4.17483660130719,374.7071428571429,1564.341094771242,2237.01,1,3,3,133,At Risk
CUST00574,2025-12-01,11,3926.79,1647.0,30,2024-01-21,North,Paid Search,710,5.654929577464789,356.9809090909091,2018.7019014084508,2886.74,2,2,2,222,Lost Customers
CUST00575,2025-12-03,26,9944.36,4323.02,28,2024-01-03,East,Paid Search,728,13.035714285714285,382.47538461538466,4985.839835164836,7129.75,2,1,1,211,Lost Customers
CUST00576,2025-10-11,11,2941.67,1197.55,81,2024-06-05,East,Organic Search,574,6.994773519163763,267.42454545454547,1870.5741289198606,2674.92,3,2,2,322,Needs Attention
CUST00577,2025-08-04,3,459.78000000000003,83.9,149,2025-01-23,South,Email,342,3.2017543859649122,153.26000000000002,490.7008771929825,701.7,4,5,5,455,Champions
CUST00579,2025-11-08,15,4675.02,2158.33,53,2025-01-10,East,Email,355,15.422535211267606,311.668,4806.710704225352,6873.6,3,1,1,311,Needs Attention
CUST00580,2025-12-15,10,3846.34,1547.21,16,2024-02-12,Central,Paid Search,688,5.305232558139535,384.634,2040.5728197674418,2918.02,1,2,2,122,Lost Customers
CUST00581,2024-01-16,1,316.56,140.22,715,2024-02-09,West,Direct,691,0.5282199710564399,316.56,167.21331403762662,239.12,5,5,5,555,Champions
CUST00582,2025-12-13,8,2383.42,974.08,18,2024-12-16,East,Direct,380,7.68421052631579,297.9275,2289.337631578948,3273.75,1,3,3,133,At Risk
CUST00583,2025-05-13,5,2123.88,855.09,232,2024-02-14,North,Social,686,2.6603498542274053,424.776,1130.0527696793004,1615.98,5,4,3,543,Loyal Customers
CUST00584,2025-06-21,13,4246.24,1730.24,193,2024-01-22,South,Referral,709,6.692524682651622,326.63384615384615,2186.005077574048,3125.99,4,2,2,422,Potential Loyalists
CUST00585,2025-12-24,22,8795.87,3266.74,7,2024-06-18,South,Direct,561,14.313725490196079,399.8122727272728,5722.803119429591,8183.61,1,1,1,111,Lost Customers
CUST00586,2025-11-05,11,2975.2400000000002,1272.85,56,2025-01-23,West,Direct,342,11.739766081871345,270.47636363636366,3175.329239766082,4540.72,3,2,2,322,Needs Attention
CUST00587,2025-12-20,4,1583.28,671.01,11,2024-10-16,Central,Social,441,3.310657596371882,395.82,1310.4244897959184,1873.91,1,4,4,144,At Risk
CUST00588,2025-10-29,9,4072.4199999999996,1945.71,63,2024-02-11,Central,Direct,689,4.7677793904209,452.4911111111111,2157.377793904209,3085.05,3,2,2,322,Needs Attention
CUST00590,2025-11-17,6,2004.09,926.4399999999999,44,2024-12-20,Central,Direct,376,5.824468085106383,334.015,1945.4597074468084,2782.01,2,4,3,243,At Risk
CUST00591,2025-12-10,4,1059.29,336.33,21,2024-12-02,Central,Email,394,3.7055837563451774,264.8225,981.3219543147208,1403.29,2,4,4,244,At Risk
CUST00592,2024-12-20,7,2565.26,1088.3,376,2025-01-14,North,Organic Search,351,7.279202279202279,366.46571428571434,2667.578062678063,3814.64,5,3,3,533,Loyal Customers
CUST00594,2025-10-29,26,8135.25,3228.85,63,2025-02-15,South,Social,319,29.74921630094044,312.8942307692308,9308.35815047022,13310.95,3,1,1,311,Needs Attention
CUST00595,2025-09-14,22,6698.179999999999,2966.19,108,2024-05-14,East,Social,596,13.473154362416107,304.46272727272725,4102.07332214765,5865.96,4,1,1,411,Potential Loyalists
CUST00596,2025-12-13,21,8513.39,4039.04,18,2024-12-02,North,Email,394,19.45431472081218,405.39952380952377,7886.769923857867,11278.08,1,1,1,111,Lost Customers
CUST00597,2025-12-11,19,6884.3,2843.08,20,2024-08-31,Central,Social,487,14.240246406570842,362.3315789473684,5159.690965092403,7378.36,2,1,1,211,Lost Customers
CUST00598,2025-12-28,25,7263.009999999999,2781.43,3,2024-11-23,East,Social,403,22.642679900744415,290.5204,6578.160421836228,9406.77,1,1,1,111,Lost Customers
CUST00599,2025-05-17,4,1834.38,671.69,228,2024-09-20,East,Direct,467,3.126338329764454,458.595,1433.7231263383298,2050.22,5,4,4,544,Champions
CUST00600,2025-12-27,29,8759.5,3588.46,4,2024-09-26,North,Organic Search,461,22.960954446854664,302.05172413793105,6935.395878524946,9917.62,1,1,1,111,Lost Customers
CUST00601,2024-06-29,2,110.53,28.37,550,2024-09-15,South,Paid Search,472,1.5466101694915253,55.265,85.47341101694914,122.23,5,5,5,555,Champions
CUST00602,2025-11-04,11,4233.45,1631.88,57,2024-11-23,North,Direct,403,9.962779156327544,384.85909090909087,3834.266129032258,5483.0,3,2,2,322,Needs Attention
CUST00603,2025-01-20,2,667.41,176.67000000000002,345,2024-11-06,Central,Direct,420,1.7380952380952381,333.705,580.0110714285714,829.42,5,5,5,555,Champions
CUST00604,2025-11-08,3,1380.0900000000001,647.74,53,2024-02-26,East,Direct,674,1.6246290801186944,460.03000000000003,747.3781157270031,1068.75,3,5,4,354,Needs Attention
CUST00605,2025-11-29,10,5338.78,2541.49,32,2024-12-12,West,Direct,384,9.505208333333334,533.8779999999999,5074.621614583333,7256.71,2,2,1,221,Lost Customers
CUST00606,2025-11-15,8,3087.7200000000003,1349.79,46,2024-08-13,South,Direct,505,5.782178217821782,385.96500000000003,2231.7184158415844,3191.36,3,3,2,332,Needs Attention
CUST00607,2025-06-02,2,588.27,208.26,212,2024-05-15,South,Paid Search,595,1.2268907563025209,294.135,360.87151260504197,516.05,5,5,5,555,Champions
CUST00608,2025-12-12,12,5066.85,2184.2400000000002,19,2024-08-03,South,Email,515,8.504854368932039,422.2375,3591.0684466019416,5135.23,1,2,1,121,Lost Customers
CUST00610,2025-12-02,13,5447.64,2495.15,29,2024-12-26,West,Social,370,12.824324324324323,419.0492307692308,5374.023243243243,7684.85,2,2,1,221,Lost Customers
CUST00611,2025-12-21,23,10117.9,4905.52,10,2024-12-16,North,Direct,380,22.092105263157897,439.9086956521739,9718.509210526316,13897.47,1,1,1,111,Lost Customers
CUST00612,2025-10-23,4,2064.1099999999997,940.5999999999999,69,2024-07-13,Central,Paid Search,536,2.7238805970149254,516.0274999999999,1405.5972947761193,2010.0,3,4,3,343,Needs Attention
CUST00613,2025-07-03,7,1966.08,931.42,181,2024-11-25,North,Social,401,6.371571072319202,280.86857142857144,1789.5740648379053,2559.09,4,3,3,433,Loyal Customers
CUST00614,2025-04-04,2,208.89,31.38,271,2024-06-10,Central,Paid Search,569,1.2829525483304043,104.445,133.99797891036906,191.62,5,5,5,555,Champions
CUST00615,2025-11-17,7,1432.03,601.16,44,2024-10-15,North,Organic Search,442,5.78054298642534,204.57571428571427,1182.55871040724,1691.06,2,3,4,234,At Risk
CUST00616,2025-11-26,9,3628.5099999999998,1601.2,35,2024-09-25,South,Organic Search,462,7.1103896103896105,403.16777777777776,2866.679978354978,4099.35,2,2,2,222,Lost Customers
CUST00617,2025-12-12,9,2507.64,889.24,19,2024-04-14,Central,Organic Search,626,5.247603833865814,278.62666666666667,1462.1223642172522,2090.83,1,2,3,123,Lost Customers
CUST00618,2025-05-28,9,3626.91,1799.97,217,2024-04-21,North,Direct,619,5.306946688206785,402.99,2138.646445880452,3058.26,5,2,2,522,Potential Loyalists
CUST00619,2025-11-23,9,1793.74,586.6,38,2024-01-26,South,Email,705,4.659574468085107,199.30444444444444,928.6739007092199,1328.0,2,2,4,224,Lost Customers
CUST00620,2025-11-12,3,2020.86,878.9000000000001,49,2024-02-28,East,Direct,672,1.6294642857142858,673.62,1097.6397321428572,1569.62,3,5,3,353,Needs Attention
CUST00621,2025-09-17,5,2087.05,1013.88,105,2024-07-01,South,Referral,548,3.3302919708029197,417.41,1390.097171532847,1987.84,4,4,3,443,Loyal Customers
CUST00622,2025-08-29,4,1198.13,409.74,124,2024-07-19,West,Organic Search,530,2.7547169811320753,299.5325,825.1272641509435,1179.93,4,4,4,444,Champions
CUST00623,2025-12-08,3,726.73,336.8,23,2024-03-10,Central,Organic Search,661,1.6565809379727685,242.24333333333334,401.29568835098337,573.85,2,5,5,255,At Risk
CUST00624,2025-10-15,10,4575.78,2231.07,77,2024-06-24,Central,Direct,555,6.576576576576576,457.578,3009.296756756756,4303.29,3,2,2,322,Needs Attention
CUST00625,2025-12-28,15,7053.7,3138.98,3,2024-09-10,South,Paid Search,477,11.477987421383647,470.24666666666667,5397.485324947589,7718.4,1,1,1,111,Lost Customers
CUST00627,2025-11-24,9,1606.31,531.9200000000001,37,2024-05-22,South,Organic Search,588,5.586734693877551,178.4788888888889,997.1142006802721,1425.87,2,2,4,224,Lost Customers
CUST00628,2024-06-07,3,876.09,456.43,572,2024-06-03,South,Referral,576,1.9010416666666667,292.03000000000003,555.1611979166668,793.88,5,5,5,555,Champions
CUST00629,2025-09-25,4,777.29,224.53,97,2024-07-31,North,Direct,518,2.8185328185328187,194.3225,547.7043436293436,783.22,3,4,5,345,Needs Attention
CUST00630,2025-10-17,3,606.8,173.15,75,2024-06-02,Central,Paid Search,577,1.8977469670710572,202.26666666666665,383.8509532062391,548.91,3,5,5,355,Needs Attention
CUST00631,2025-12-20,9,3536.1499999999996,994.91,11,2024-11-05,Central,Paid Search,421,7.802850356294536,392.9055555555555,3065.783254156769,4384.07,1,2,2,122,Lost Customers
CUST00632,2025-06-30,6,1205.32,482.2,184,2024-05-17,West,Direct,593,3.693086003372681,200.88666666666666,741.8917369308599,1060.91,4,4,4,444,Champions
CUST00633,2025-12-30,6,2307.36,1094.0,1,2024-07-01,East,Paid Search,548,3.9963503649635035,384.56,1536.836496350365,2197.68,1,4,3,143,At Risk
CUST00634,2025-10-31,13,6748.3099999999995,3180.15,61,2024-06-08,East,Email,571,8.309982486865149,519.1007692307692,4313.718301225919,6168.62,3,2,1,321,Needs Attention
CUST00636,2025-09-22,4,953.84,437.39,100,2024-10-15,East,Paid Search,442,3.30316742081448,238.46,787.673303167421,1126.37,4,4,5,445,Champions
CUST00637,2025-11-30,9,2622.5099999999998,1272.83,31,2024-04-08,South,Direct,632,5.197784810126582,291.39,1514.5825158227847,2165.85,2,3,3,233,At Risk
CUST00638,2025-08-31,2,926.6199999999999,402.12,122,2024-05-04,North,Direct,606,1.2046204620462047,463.30999999999995,558.112706270627,798.1,4,5,5,455,Champions
CUST00640,2025-12-10,9,2988.21,1295.99,21,2025-02-02,Central,Direct,332,9.894578313253012,332.0233333333333,3285.2308734939757,4697.88,2,3,2,232,At Risk
CUST00641,2025-11-08,3,842.82,385.52,53,2024-10-08,East,Paid Search,449,2.4387527839643655,280.94,685.1432071269488,979.75,3,5,5,355,Needs Attention
CUST00642,2025-09-01,4,1070.5,548.22,121,2025-01-19,Central,Organic Search,346,4.219653179190751,267.625,1129.2846820809248,1614.88,4,4,4,444,Champions
CUST00643,2025-11-30,14,4254.33,1790.54,31,2024-12-24,North,Social,372,13.736559139784946,303.8807142857143,4174.275403225806,5969.21,2,1,2,212,Lost Customers
CUST00644,2025-08-13,3,1016.69,286.23,140,2024-07-20,East,Direct,529,2.0699432892249527,338.8966666666667,701.4968809073724,1003.14,4,5,4,454,Champions
CUST00645,2025-11-09,9,2791.4,1248.92,52,2024-11-19,North,Organic Search,407,8.071253071253071,310.15555555555557,2503.3439803439805,3579.78,3,3,3,333,Needs Attention
CUST00646,2025-02-16,3,1233.12,467.99,318,2024-05-17,South,Paid Search,593,1.8465430016863404,411.03999999999996,759.0030354131533,1085.37,5,5,4,554,Champions
CUST00647,2024-12-03,3,542.4,280.69,393,2024-07-12,North,Social,537,2.0391061452513966,180.79999999999998,368.67039106145245,527.2,5,5,5,555,Champions
CUST00648,2025-10-30,5,2187.32,966.92,62,2024-08-12,North,Direct,506,3.6067193675889326,437.46400000000006,1577.809881422925,2256.27,3,4,3,343,Needs Attention
CUST00649,2025-11-27,13,2879.23,1074.25,34,2025-02-07,Central,Organic Search,327,14.510703363914374,221.47923076923078,3213.819418960245,4595.76,2,2,3,223,Lost Customers
CUST00650,2025-08-13,6,2388.39,1017.63,140,2024-12-22,South,Email,374,5.855614973262032,398.065,2330.9153743315505,3333.21,4,4,3,443,Loyal Customers
